# frame_time_relative,frame_time_epoch,pkts,ploss,porder,pdups,bytes_last_interval,bitrate_last_interval,pkts_padding,frame_time_relative_mean,frame_time_relative_stdev,clock_mean,frame_time_relative_list,rtp_seq_list,rtp_timestamp_list
0.0,1634134061.798644,50,0,0,0,7341,58728,0,0.020024163265306122,0.00206629379714561,31828.956171913327,0.0 0.021781 0.03998 0.059786 0.08043 0.100413 0.120602 0.144532 0.159927 0.18189 0.201606 0.223411 0.241753 0.261656 0.282002 0.302909 0.32039 0.341683 0.359564 0.381837 0.401577 0.419699 0.445712 0.463321 0.479991 0.502002 0.522071 0.541808 0.56132 0.580646 0.603798 0.619733 0.641956 0.662169 0.67971 0.702025 0.719979 0.739732 0.76051 0.780078 0.800613 0.819387 0.842033 0.861776 0.881567 0.899845 0.921475 0.942857 0.960324 0.981184,5503 5504 5505 5506 5507 5508 5509 5510 5511 5512 5513 5514 5515 5516 5517 5518 5519 5520 5521 5522 5523 5524 5525 5526 5527 5528 5529 5530 5531 5532 5533 5534 5535 5536 5537 5538 5539 5540 5541 5542 5543 5544 5545 5546 5547 5548 5549 5550 5551 5552,2243520 2244160 2244800 2245440 2246080 2246720 2247360 2248000 2248640 2249280 2249920 2250560 2251200 2251840 2252480 2253120 2253760 2254400 2255040 2255680 2256320 2256960 2257600 2258240 2258880 2259520 2260160 2260800 2261440 2262080 2262720 2263360 2264000 2264640 2265280 2265920 2266560 2267200 2267840 2268480 2269120 2269760 2270400 2271040 2271680 2272320 2272960 2273600 2274240 2274880
1.0,1634134062.798644,50,0,0,0,7424,59392,0,0.020043551020408164,0.001573182973851966,31956.153737610744,1.000028 1.019547 1.039674 1.060331 1.083107 1.099796 1.120541 1.140254 1.160811 1.179396 1.199646 1.219344 1.240771 1.26028 1.280438 1.299614 1.322806 1.339481 1.359346 1.379423 1.399979 1.421045 1.4425 1.463032 1.479693 1.502316 1.51951 1.541402 1.562552 1.580255 1.602004 1.619564 1.63931 1.65982 1.68011 1.700194 1.721634 1.742693 1.761623 1.782196 1.802716 1.821355 1.83984 1.860591 1.882284 1.901964 1.920355 1.941557 1.960128 1.982162,5553 5554 5555 5556 5557 5558 5559 5560 5561 5562 5563 5564 5565 5566 5567 5568 5569 5570 5571 5572 5573 5574 5575 5576 5577 5578 5579 5580 5581 5582 5583 5584 5585 5586 5587 5588 5589 5590 5591 5592 5593 5594 5595 5596 5597 5598 5599 5600 5601 5602,2275520 2276160 2276800 2277440 2278080 2278720 2279360 2280000 2280640 2281280 2281920 2282560 2283200 2283840 2284480 2285120 2285760 2286400 2287040 2287680 2288320 2288960 2289600 2290240 2290880 2291520 2292160 2292800 2293440 2294080 2294720 2295360 2296000 2296640 2297280 2297920 2298560 2299200 2299840 2300480 2301120 2301760 2302400 2303040 2303680 2304320 2304960 2305600 2306240 2306880
2.0,1634134063.798644,50,0,0,0,7933,63464,0,0.01995655102040816,0.01389460029121209,31919.720226175803,2.001843 2.021075 2.041452 2.061792 2.082113 2.102714 2.119449 2.142646 2.159387 2.179099 2.200872 2.221988 2.239388 2.262239 2.287808 2.300536 2.323296 2.33979 2.362009 2.381798 2.399995 2.422109 2.440016 2.462116 2.481884 2.49943 2.521398 2.53995 2.559813 2.579804 2.599628 2.620257 2.641176 2.659789 2.679845 2.70017 2.7209 2.739595 2.845783 2.84581 2.84583 2.845854 2.845874 2.860118 2.880139 2.901309 2.919838 2.939418 2.961834 2.979714,5603 5604 5605 5606 5607 5608 5609 5610 5611 5612 5613 5614 5615 5616 5617 5618 5619 5620 5621 5622 5623 5624 5625 5626 5627 5628 5629 5630 5631 5632 5633 5634 5635 5636 5637 5638 5639 5640 5641 5642 5643 5644 5645 5646 5647 5648 5649 5650 5651 5652,2307520 2308160 2308800 2309440 2310080 2310720 2311360 2312000 2312640 2313280 2313920 2314560 2315200 2315840 2316480 2317120 2317760 2318400 2319040 2319680 2320320 2320960 2321600 2322240 2322880 2323520 2324160 2324800 2325440 2326080 2326720 2327360 2328000 2328640 2329280 2329920 2330560 2331200 2331840 2332480 2333120 2333760 2334400 2335040 2335680 2336320 2336960 2337600 2338240 2338880
3.0,1634134064.798644,50,0,0,0,9499,75992,0,0.020022387755102043,0.0020991057502375123,32229.278213115413,3.00309 3.021173 3.040028 3.060756 3.083034 3.104103 3.123707 3.142541 3.16119 3.18013 3.202001 3.219433 3.242555 3.260311 3.279731 3.30001 3.319964 3.343025 3.363505 3.382996 3.400177 3.42341 3.442493 3.463071 3.483071 3.503206 3.52159 3.540249 3.561022 3.583225 3.604361 3.621683 3.642957 3.663068 3.684036 3.700584 3.723374 3.742321 3.760172 3.784741 3.800412 3.820072 3.842791 3.861991 3.882972 3.901075 3.922359 3.944704 3.96029 3.984187,5653 5654 5655 5656 5657 5658 5659 5660 5661 5662 5663 5664 5665 5666 5667 5668 5669 5670 5671 5672 5673 5674 5675 5676 5677 5678 5679 5680 5681 5682 5683 5684 5685 5686 5687 5688 5689 5690 5691 5692 5693 5694 5695 5696 5697 5698 5699 5700 5701 5702,2339520 2340160 2340800 2341440 2342080 2342720 2343360 2344000 2344640 2345280 2345920 2346560 2347200 2347840 2348480 2349120 2349760 2350400 2351040 2351680 2352320 2352960 2353600 2354240 2354880 2355520 2356160 2356800 2357440 2358080 2358720 2359360 2360000 2360640 2361280 2361920 2362560 2363200 2363840 2364480 2365120 2365760 2366400 2367040 2367680 2368320 2368960 2369600 2370240 2370880
4.0,1634134065.798644,50,0,0,0,12091,96728,0,0.02005330612244899,0.0023590465164632078,31975.377412253405,4.001802 4.022492 4.040347 4.061881 4.080804 4.100206 4.123316 4.140293 4.160409 4.183894 4.205466 4.221584 4.242705 4.267013 4.282399 4.300961 4.323494 4.340164 4.362007 4.381902 4.400251 4.422166 4.441161 4.461937 4.483497 4.500729 4.523169 4.542958 4.563206 4.582827 4.601037 4.627595 4.644492 4.659798 4.682541 4.701191 4.723145 4.742052 4.762231 4.78286 4.803612 4.82202 4.84318 4.863678 4.880561 4.900849 4.921946 4.940781 4.961 4.984414,5703 5704 5705 5706 5707 5708 5709 5710 5711 5712 5713 5714 5715 5716 5717 5718 5719 5720 5721 5722 5723 5724 5725 5726 5727 5728 5729 5730 5731 5732 5733 5734 5735 5736 5737 5738 5739 5740 5741 5742 5743 5744 5745 5746 5747 5748 5749 5750 5751 5752,2371520 2372160 2372800 2373440 2374080 2374720 2375360 2376000 2376640 2377280 2377920 2378560 2379200 2379840 2380480 2381120 2381760 2382400 2383040 2383680 2384320 2384960 2385600 2386240 2386880 2387520 2388160 2388800 2389440 2390080 2390720 2391360 2392000 2392640 2393280 2393920 2394560 2395200 2395840 2396480 2397120 2397760 2398400 2399040 2399680 2400320 2400960 2401600 2402240 2402880
5.0,1634134066.798644,50,0,0,0,13247,105976,0,0.019997428571428565,0.0018969332486938673,31710.328160535228,5.000426 5.022849 5.044684 5.062347 5.082428 5.100939 5.1221 5.143112 5.163841 5.184953 5.20089 5.222156 5.240506 5.261366 5.283108 5.302401 5.322344 5.339301 5.359687 5.380587 5.401281 5.420033 5.442768 5.462075 5.480007 5.503186 5.52405 5.540378 5.563012 5.584064 5.60306 5.623932 5.643023 5.662416 5.680227 5.703629 5.72172 5.74112 5.764603 5.780108 5.80115 5.822306 5.842013 5.86279 5.880103 5.900773 5.921542 5.939948 5.960242 5.9803,5753 5754 5755 5756 5757 5758 5759 5760 5761 5762 5763 5764 5765 5766 5767 5768 5769 5770 5771 5772 5773 5774 5775 5776 5777 5778 5779 5780 5781 5782 5783 5784 5785 5786 5787 5788 5789 5790 5791 5792 5793 5794 5795 5796 5797 5798 5799 5800 5801 5802,2403520 2404160 2404800 2405440 2406080 2406720 2407360 2408000 2408640 2409280 2409920 2410560 2411200 2411840 2412480 2413120 2413760 2414400 2415040 2415680 2416320 2416960 2417600 2418240 2418880 2419520 2420160 2420800 2421440 2422080 2422720 2423360 2424000 2424640 2425280 2425920 2426560 2427200 2427840 2428480 2429120 2429760 2430400 2431040 2431680 2432320 2432960 2433600 2434240 2434880
6.0,1634134067.798644,50,0,0,0,14195,113560,0,0.01999971428571429,0.002095025974381451,31968.856224976436,6.000598 6.020537 6.040009 6.060932 6.080018 6.100411 6.120953 6.140494 6.161406 6.181844 6.200065 6.221574 6.239686 6.262023 6.28115 6.302885 6.321224 6.340545 6.363221 6.380289 6.402604 6.420693 6.439396 6.463696 6.479674 6.500806 6.520781 6.542372 6.561355 6.581698 6.601423 6.619464 6.640421 6.661896 6.679694 6.702049 6.720698 6.740126 6.766887 6.781041 6.802288 6.821102 6.84107 6.859888 6.881134 6.902659 6.920646 6.942126 6.962834 6.980584,5803 5804 5805 5806 5807 5808 5809 5810 5811 5812 5813 5814 5815 5816 5817 5818 5819 5820 5821 5822 5823 5824 5825 5826 5827 5828 5829 5830 5831 5832 5833 5834 5835 5836 5837 5838 5839 5840 5841 5842 5843 5844 5845 5846 5847 5848 5849 5850 5851 5852,2435520 2436160 2436800 2437440 2438080 2438720 2439360 2440000 2440640 2441280 2441920 2442560 2443200 2443840 2444480 2445120 2445760 2446400 2447040 2447680 2448320 2448960 2449600 2450240 2450880 2451520 2452160 2452800 2453440 2454080 2454720 2455360 2456000 2456640 2457280 2457920 2458560 2459200 2459840 2460480 2461120 2461760 2462400 2463040 2463680 2464320 2464960 2465600 2466240 2466880
7.0,1634134068.798644,51,0,0,0,8503,68024,0,0.0199,0.0023989556486275366,32661.170135219643,7.004944 7.020053 7.039796 7.0606 7.081696 7.102278 7.120573 7.14008 7.161987 7.180916 7.203353 7.219897 7.241106 7.263211 7.280364 7.30205 7.321781 7.342495 7.360336 7.380441 7.399949 7.41953 7.440122 7.460554 7.480489 7.505926 7.519856 7.541355 7.563055 7.58239 7.600732 7.621295 7.64064 7.663037 7.680109 7.70103 7.72194 7.740149 7.761516 7.782682 7.800873 7.82306 7.840326 7.866614 7.880615 7.901107 7.923356 7.939805 7.95932 7.979898 7.999944,5853 5854 5855 5856 5857 5858 5859 5860 5861 5862 5863 5864 5865 5866 5867 5868 5869 5870 5871 5872 5873 5874 5875 5876 5877 5878 5879 5880 5881 5882 5883 5884 5885 5886 5887 5888 5889 5890 5891 5892 5893 5894 5895 5896 5897 5898 5899 5900 5901 5902 5903,2467520 2468160 2468800 2469440 2470080 2470720 2471360 2472000 2472640 2473280 2473920 2474560 2475200 2475840 2476480 2477120 2477760 2478400 2479040 2479680 2480320 2480960 2481600 2482240 2482880 2483520 2484160 2484800 2485440 2486080 2486720 2487360 2488000 2488640 2489280 2489920 2490560 2491200 2491840 2492480 2493120 2493760 2494400 2495040 2495680 2496320 2496960 2497600 2498240 2498880 2499520
8.0,1634134069.798644,49,0,0,0,13087,104696,0,0.02000497916666666,0.0022265122280565692,31807.852814849466,8.020001 8.040287 8.060915 8.080477 8.101531 8.123161 8.140224 8.160799 8.181974 8.204883 8.221401 8.241921 8.262446 8.28334 8.303736 8.321927 8.340564 8.360416 8.38167 8.400799 8.421768 8.439781 8.46008 8.483332 8.501109 8.526698 8.543527 8.560486 8.581538 8.600751 8.620622 8.644272 8.661154 8.680661 8.702708 8.721303 8.744229 8.760569 8.780532 8.801593 8.820188 8.840299 8.861127 8.885036 8.901501 8.921744 8.944712 8.959828 8.98024,5904 5905 5906 5907 5908 5909 5910 5911 5912 5913 5914 5915 5916 5917 5918 5919 5920 5921 5922 5923 5924 5925 5926 5927 5928 5929 5930 5931 5932 5933 5934 5935 5936 5937 5938 5939 5940 5941 5942 5943 5944 5945 5946 5947 5948 5949 5950 5951 5952,2500160 2500800 2501440 2502080 2502720 2503360 2504000 2504640 2505280 2505920 2506560 2507200 2507840 2508480 2509120 2509760 2510400 2511040 2511680 2512320 2512960 2513600 2514240 2514880 2515520 2516160 2516800 2517440 2518080 2518720 2519360 2520000 2520640 2521280 2521920 2522560 2523200 2523840 2524480 2525120 2525760 2526400 2527040 2527680 2528320 2528960 2529600 2530240 2530880
9.0,1634134070.798644,50,0,0,0,14828,118624,0,0.01997967346938775,0.0023000519322735305,31889.57222252107,9.00118 9.021405 9.043394 9.05967 9.081679 9.102184 9.123128 9.14394 9.161041 9.185288 9.200867 9.223114 9.245676 9.26054 9.28421 9.302546 9.32036 9.345306 9.3621 9.379949 9.400546 9.420586 9.440612 9.461868 9.48215 9.502514 9.520509 9.541848 9.561084 9.58298 9.60241 9.619547 9.643379 9.659707 9.682075 9.702399 9.724292 9.742989 9.760535 9.780669 9.800157 9.820527 9.842007 9.860784 9.881437 9.903097 9.919874 9.94121 9.960549 9.980184,5953 5954 5955 5956 5957 5958 5959 5960 5961 5962 5963 5964 5965 5966 5967 5968 5969 5970 5971 5972 5973 5974 5975 5976 5977 5978 5979 5980 5981 5982 5983 5984 5985 5986 5987 5988 5989 5990 5991 5992 5993 5994 5995 5996 5997 5998 5999 6000 6001 6002,2531520 2532160 2532800 2533440 2534080 2534720 2535360 2536000 2536640 2537280 2537920 2538560 2539200 2539840 2540480 2541120 2541760 2542400 2543040 2543680 2544320 2544960 2545600 2546240 2546880 2547520 2548160 2548800 2549440 2550080 2550720 2551360 2552000 2552640 2553280 2553920 2554560 2555200 2555840 2556480 2557120 2557760 2558400 2559040 2559680 2560320 2560960 2561600 2562240 2562880
10.0,1634134071.798644,50,0,0,0,15032,120256,0,0.01999567346938774,0.00236328798488241,31822.70686855736,10.000458 10.020113 10.044599 10.060249 10.08358 10.103282 10.119935 10.143086 10.162704 10.182919 10.19997 10.219728 10.241086 10.261768 10.283415 10.302492 10.319853 10.342649 10.362777 10.38026 10.399283 10.420275 10.441587 10.462471 10.481591 10.502943 10.523025 10.543432 10.56522 10.579901 10.599944 10.621542 10.642346 10.665228 10.679973 10.700808 10.720417 10.742731 10.76321 10.781796 10.803203 10.820213 10.840139 10.861752 10.881017 10.902819 10.925595 10.939987 10.963107 10.980246,6003 6004 6005 6006 6007 6008 6009 6010 6011 6012 6013 6014 6015 6016 6017 6018 6019 6020 6021 6022 6023 6024 6025 6026 6027 6028 6029 6030 6031 6032 6033 6034 6035 6036 6037 6038 6039 6040 6041 6042 6043 6044 6045 6046 6047 6048 6049 6050 6051 6052,2563520 2564160 2564800 2565440 2566080 2566720 2567360 2568000 2568640 2569280 2569920 2570560 2571200 2571840 2572480 2573120 2573760 2574400 2575040 2575680 2576320 2576960 2577600 2578240 2578880 2579520 2580160 2580800 2581440 2582080 2582720 2583360 2584000 2584640 2585280 2585920 2586560 2587200 2587840 2588480 2589120 2589760 2590400 2591040 2591680 2592320 2592960 2593600 2594240 2594880
11.0,1634134072.798644,50,0,0,0,12286,98288,0,0.01994789795918367,0.0030048702983997513,32082.833808799274,11.002553 11.022422 11.043713 11.062505 11.079869 11.104521 11.120245 11.141787 11.163019 11.179914 11.203525 11.221393 11.24114 11.263519 11.27943 11.302493 11.320366 11.339934 11.362156 11.38164 11.401546 11.420333 11.442533 11.460646 11.479746 11.500727 11.519813 11.540607 11.560963 11.579057 11.60269 11.620049 11.640147 11.659935 11.679958 11.706857 11.72017 11.741908 11.761832 11.780031 11.801538 11.823704 11.841546 11.863216 11.879696 11.904063 11.919575 11.939852 11.967304 11.98,6053 6054 6055 6056 6057 6058 6059 6060 6061 6062 6063 6064 6065 6066 6067 6068 6069 6070 6071 6072 6073 6074 6075 6076 6077 6078 6079 6080 6081 6082 6083 6084 6085 6086 6087 6088 6089 6090 6091 6092 6093 6094 6095 6096 6097 6098 6099 6100 6101 6102,2595520 2596160 2596800 2597440 2598080 2598720 2599360 2600000 2600640 2601280 2601920 2602560 2603200 2603840 2604480 2605120 2605760 2606400 2607040 2607680 2608320 2608960 2609600 2610240 2610880 2611520 2612160 2612800 2613440 2614080 2614720 2615360 2616000 2616640 2617280 2617920 2618560 2619200 2619840 2620480 2621120 2621760 2622400 2623040 2623680 2624320 2624960 2625600 2626240 2626880
12.0,1634134073.798644,51,0,0,0,9961,79688,0,0.019926759999999995,0.002563997003723174,32222.453392747546,12.002793 12.02009 12.040484 12.067395 12.079654 12.100213 12.123169 12.142953 12.165721 12.182565 12.199626 12.220478 12.239653 12.263279 12.281071 12.300499 12.321313 12.341598 12.368246 12.38111 12.399919 12.421696 12.440163 12.461334 12.484111 12.502757 12.520172 12.541519 12.562107 12.580182 12.600048 12.62086 12.639671 12.66194 12.68165 12.699304 12.719595 12.73988 12.759784 12.780119 12.799007 12.819072 12.839593 12.860382 12.879715 12.899932 12.918969 12.939493 12.959272 12.981309 12.999131,6103 6104 6105 6106 6107 6108 6109 6110 6111 6112 6113 6114 6115 6116 6117 6118 6119 6120 6121 6122 6123 6124 6125 6126 6127 6128 6129 6130 6131 6132 6133 6134 6135 6136 6137 6138 6139 6140 6141 6142 6143 6144 6145 6146 6147 6148 6149 6150 6151 6152 6153,2627520 2628160 2628800 2629440 2630080 2630720 2631360 2632000 2632640 2633280 2633920 2634560 2635200 2635840 2636480 2637120 2637760 2638400 2639040 2639680 2640320 2640960 2641600 2642240 2642880 2643520 2644160 2644800 2645440 2646080 2646720 2647360 2648000 2648640 2649280 2649920 2650560 2651200 2651840 2652480 2653120 2653760 2654400 2655040 2655680 2656320 2656960 2657600 2658240 2658880 2659520
13.0,1634134074.798644,50,0,0,0,7491,59928,0,0.020008204081632647,0.0018069441858608677,31749.638493417515,13.01895 13.040211 13.060679 13.083308 13.099411 13.121799 13.139758 13.1606 13.180223 13.199124 13.223078 13.239805 13.261093 13.280904 13.299707 13.323361 13.339843 13.360054 13.380994 13.399749 13.41954 13.440876 13.460037 13.480755 13.501809 13.520706 13.540839 13.560311 13.579156 13.599558 13.619156 13.640868 13.660118 13.681632 13.702404 13.72003 13.743192 13.761867 13.779809 13.801274 13.821223 13.83969 13.863352 13.88381 13.901505 13.920226 13.939792 13.960529 13.980772 13.999352,6154 6155 6156 6157 6158 6159 6160 6161 6162 6163 6164 6165 6166 6167 6168 6169 6170 6171 6172 6173 6174 6175 6176 6177 6178 6179 6180 6181 6182 6183 6184 6185 6186 6187 6188 6189 6190 6191 6192 6193 6194 6195 6196 6197 6198 6199 6200 6201 6202 6203,2660160 2660800 2661440 2662080 2662720 2663360 2664000 2664640 2665280 2665920 2666560 2667200 2667840 2668480 2669120 2669760 2670400 2671040 2671680 2672320 2672960 2673600 2674240 2674880 2675520 2676160 2676800 2677440 2678080 2678720 2679360 2680000 2680640 2681280 2681920 2682560 2683200 2683840 2684480 2685120 2685760 2686400 2687040 2687680 2688320 2688960 2689600 2690240 2690880 2691520
14.0,1634134075.798644,49,0,0,0,9151,73208,0,0.019993874999999977,0.0010197974898052522,32204.76520123689,14.021665 14.040728 14.059867 14.081739 14.100867 14.119702 14.141184 14.159762 14.182472 14.199579 14.220208 14.239359 14.259844 14.279794 14.299456 14.319451 14.339588 14.359453 14.380065 14.399293 14.420059 14.441365 14.459743 14.479405 14.499498 14.519728 14.539939 14.559197 14.580296 14.599381 14.61987 14.639023 14.660913 14.679096 14.699656 14.719853 14.739629 14.759948 14.779351 14.798981 14.819146 14.839515 14.859887 14.879544 14.899031 14.919197 14.940305 14.960556 14.981371,6204 6205 6206 6207 6208 6209 6210 6211 6212 6213 6214 6215 6216 6217 6218 6219 6220 6221 6222 6223 6224 6225 6226 6227 6228 6229 6230 6231 6232 6233 6234 6235 6236 6237 6238 6239 6240 6241 6242 6243 6244 6245 6246 6247 6248 6249 6250 6251 6252,2692160 2692800 2693440 2694080 2694720 2695360 2696000 2696640 2697280 2697920 2698560 2699200 2699840 2700480 2701120 2701760 2702400 2703040 2703680 2704320 2704960 2705600 2706240 2706880 2707520 2708160 2708800 2709440 2710080 2710720 2711360 2712000 2712640 2713280 2713920 2714560 2715200 2715840 2716480 2717120 2717760 2718400 2719040 2719680 2720320 2720960 2721600 2722240 2722880
15.0,1634134076.798644,50,0,0,0,9878,79024,0,0.019971836734693903,0.0010528118767323125,32170.22377817257,15.000594 15.018907 15.039538 15.059059 15.080017 15.098838 15.120272 15.139283 15.161909 15.179556 15.199117 15.219849 15.239212 15.259066 15.278933 15.301102 15.319183 15.340175 15.360084 15.379006 15.400104 15.420538 15.438945 15.460124 15.479746 15.499657 15.518795 15.539145 15.559365 15.579506 15.599992 15.620415 15.639879 15.659624 15.679898 15.700212 15.719979 15.739328 15.759206 15.781052 15.799741 15.819133 15.839036 15.859324 15.879001 15.900108 15.919578 15.938913 15.960605 15.979214,6253 6254 6255 6256 6257 6258 6259 6260 6261 6262 6263 6264 6265 6266 6267 6268 6269 6270 6271 6272 6273 6274 6275 6276 6277 6278 6279 6280 6281 6282 6283 6284 6285 6286 6287 6288 6289 6290 6291 6292 6293 6294 6295 6296 6297 6298 6299 6300 6301 6302,2723520 2724160 2724800 2725440 2726080 2726720 2727360 2728000 2728640 2729280 2729920 2730560 2731200 2731840 2732480 2733120 2733760 2734400 2735040 2735680 2736320 2736960 2737600 2738240 2738880 2739520 2740160 2740800 2741440 2742080 2742720 2743360 2744000 2744640 2745280 2745920 2746560 2747200 2747840 2748480 2749120 2749760 2750400 2751040 2751680 2752320 2752960 2753600 2754240 2754880
16.0,1634134077.798644,50,0,0,0,13558,108464,0,0.019969163265306115,0.0018064947106078073,32282.47496035051,16.001513 16.019368 16.039145 16.059751 16.079473 16.100024 16.118911 16.139889 16.159666 16.178801 16.205391 16.219269 16.239506 16.259988 16.280327 16.299891 16.319187 16.341146 16.359514 16.379262 16.400338 16.419928 16.440643 16.459095 16.479332 16.499779 16.519141 16.53925 16.559342 16.580633 16.599065 16.620573 16.640473 16.659127 16.680071 16.699175 16.719028 16.739374 16.758775 16.7794 16.801845 16.819351 16.840711 16.859651 16.878886 16.899727 16.918947 16.942442 16.958798 16.980002,6303 6304 6305 6306 6307 6308 6309 6310 6311 6312 6313 6314 6315 6316 6317 6318 6319 6320 6321 6322 6323 6324 6325 6326 6327 6328 6329 6330 6331 6332 6333 6334 6335 6336 6337 6338 6339 6340 6341 6342 6343 6344 6345 6346 6347 6348 6349 6350 6351 6352,2755520 2756160 2756800 2757440 2758080 2758720 2759360 2760000 2760640 2761280 2761920 2762560 2763200 2763840 2764480 2765120 2765760 2766400 2767040 2767680 2768320 2768960 2769600 2770240 2770880 2771520 2772160 2772800 2773440 2774080 2774720 2775360 2776000 2776640 2777280 2777920 2778560 2779200 2779840 2780480 2781120 2781760 2782400 2783040 2783680 2784320 2784960 2785600 2786240 2786880
17.0,1634134078.798644,50,0,0,0,11597,92776,0,0.02003789795918363,0.0016857678671369938,31991.187860261507,17.000284 17.019206 17.042227 17.059136 17.081751 17.099334 17.119479 17.139466 17.16001 17.17981 17.200447 17.219336 17.239507 17.260027 17.280354 17.302441 17.319576 17.341971 17.359648 17.379295 17.400834 17.419833 17.440955 17.461188 17.480583 17.501164 17.520914 17.543838 17.56216 17.581473 17.602352 17.623336 17.645955 17.661521 17.683331 17.69961 17.720077 17.740236 17.761238 17.780228 17.800426 17.821841 17.841651 17.861523 17.880232 17.901702 17.921953 17.940036 17.961766 17.982141,6353 6354 6355 6356 6357 6358 6359 6360 6361 6362 6363 6364 6365 6366 6367 6368 6369 6370 6371 6372 6373 6374 6375 6376 6377 6378 6379 6380 6381 6382 6383 6384 6385 6386 6387 6388 6389 6390 6391 6392 6393 6394 6395 6396 6397 6398 6399 6400 6401 6402,2787520 2788160 2788800 2789440 2790080 2790720 2791360 2792000 2792640 2793280 2793920 2794560 2795200 2795840 2796480 2797120 2797760 2798400 2799040 2799680 2800320 2800960 2801600 2802240 2802880 2803520 2804160 2804800 2805440 2806080 2806720 2807360 2808000 2808640 2809280 2809920 2810560 2811200 2811840 2812480 2813120 2813760 2814400 2815040 2815680 2816320 2816960 2817600 2818240 2818880
18.0,1634134079.798644,50,0,0,0,11538,92304,0,0.01996430612244891,0.0021112515265840136,32102.556001326917,18.00174 18.021526 18.040748 18.060436 18.080859 18.099466 18.120642 18.139168 18.159908 18.182533 18.199789 18.219935 18.24018 18.260363 18.27941 18.300237 18.323061 18.342499 18.36338 18.380141 18.404477 18.424991 18.440862 18.461923 18.481045 18.501978 18.522627 18.539812 18.5641 18.584282 18.599744 18.62224 18.639776 18.66442 18.682658 18.699717 18.721234 18.740525 18.762683 18.784631 18.801242 18.820154 18.841846 18.862324 18.87976 18.901068 18.92162 18.939749 18.960296 18.979991,6403 6404 6405 6406 6407 6408 6409 6410 6411 6412 6413 6414 6415 6416 6417 6418 6419 6420 6421 6422 6423 6424 6425 6426 6427 6428 6429 6430 6431 6432 6433 6434 6435 6436 6437 6438 6439 6440 6441 6442 6443 6444 6445 6446 6447 6448 6449 6450 6451 6452,2819520 2820160 2820800 2821440 2822080 2822720 2823360 2824000 2824640 2825280 2825920 2826560 2827200 2827840 2828480 2829120 2829760 2830400 2831040 2831680 2832320 2832960 2833600 2834240 2834880 2835520 2836160 2836800 2837440 2838080 2838720 2839360 2840000 2840640 2841280 2841920 2842560 2843200 2843840 2844480 2845120 2845760 2846400 2847040 2847680 2848320 2848960 2849600 2850240 2850880
19.0,1634134080.798644,51,0,0,0,13540,108320,0,0.019979739999999992,0.0021947567743076527,31915.148637062935,19.000822 19.022196 19.040836 19.062196 19.080028 19.100891 19.123445 19.139958 19.163476 19.18189 19.199689 19.221313 19.241522 19.262182 19.288498 19.299975 19.320634 19.339331 19.360644 19.380382 19.400202 19.420418 19.439169 19.461376 19.480942 19.502185 19.523418 19.543448 19.565463 19.579969 19.599908 19.620472 19.638912 19.661249 19.679827 19.699127 19.719927 19.740837 19.761006 19.780407 19.801144 19.820084 19.839851 19.861595 19.879858 19.899517 19.919456 19.939882 19.959182 19.980408 19.999809,6453 6454 6455 6456 6457 6458 6459 6460 6461 6462 6463 6464 6465 6466 6467 6468 6469 6470 6471 6472 6473 6474 6475 6476 6477 6478 6479 6480 6481 6482 6483 6484 6485 6486 6487 6488 6489 6490 6491 6492 6493 6494 6495 6496 6497 6498 6499 6500 6501 6502 6503,2851520 2852160 2852800 2853440 2854080 2854720 2855360 2856000 2856640 2857280 2857920 2858560 2859200 2859840 2860480 2861120 2861760 2862400 2863040 2863680 2864320 2864960 2865600 2866240 2866880 2867520 2868160 2868800 2869440 2870080 2870720 2871360 2872000 2872640 2873280 2873920 2874560 2875200 2875840 2876480 2877120 2877760 2878400 2879040 2879680 2880320 2880960 2881600 2882240 2882880 2883520
20.0,1634134081.798644,49,0,0,0,14376,115008,0,0.020008499999999946,0.0026312416614314832,32069.460294954115,20.021726 20.040178 20.060286 20.080336 20.102293 20.122737 20.141017 20.16082 20.18134 20.20773 20.221352 20.241215 20.26244 20.279836 20.304067 20.322562 20.341852 20.362034 20.380532 20.404258 20.422782 20.440158 20.462806 20.480192 20.502762 20.520481 20.541342 20.563101 20.579528 20.604136 20.619841 20.641874 20.66263 20.681027 20.704587 20.720136 20.740289 20.762073 20.780458 20.801993 20.821929 20.839929 20.862036 20.881721 20.902809 20.92454 20.939858 20.963534 20.982134,6504 6505 6506 6507 6508 6509 6510 6511 6512 6513 6514 6515 6516 6517 6518 6519 6520 6521 6522 6523 6524 6525 6526 6527 6528 6529 6530 6531 6532 6533 6534 6535 6536 6537 6538 6539 6540 6541 6542 6543 6544 6545 6546 6547 6548 6549 6550 6551 6552,2884160 2884800 2885440 2886080 2886720 2887360 2888000 2888640 2889280 2889920 2890560 2891200 2891840 2892480 2893120 2893760 2894400 2895040 2895680 2896320 2896960 2897600 2898240 2898880 2899520 2900160 2900800 2901440 2902080 2902720 2903360 2904000 2904640 2905280 2905920 2906560 2907200 2907840 2908480 2909120 2909760 2910400 2911040 2911680 2912320 2912960 2913600 2914240 2914880
21.0,1634134082.798644,50,0,0,0,14972,119776,0,0.019980959183673482,0.0022766318319612103,32305.33158541459,21.00395 21.022714 21.039864 21.063305 21.08231 21.102443 21.124128 21.14015 21.162796 21.182868 21.200774 21.224601 21.242948 21.262145 21.281159 21.29961 21.321884 21.341188 21.361624 21.38175 21.399609 21.422662 21.443037 21.459762 21.485641 21.500139 21.520175 21.543471 21.559932 21.581929 21.600121 21.620757 21.643806 21.66012 21.679853 21.699997 21.720497 21.740094 21.761813 21.780625 21.799558 21.819845 21.839881 21.861677 21.882629 21.903598 21.922551 21.939784 21.961005 21.983017,6553 6554 6555 6556 6557 6558 6559 6560 6561 6562 6563 6564 6565 6566 6567 6568 6569 6570 6571 6572 6573 6574 6575 6576 6577 6578 6579 6580 6581 6582 6583 6584 6585 6586 6587 6588 6589 6590 6591 6592 6593 6594 6595 6596 6597 6598 6599 6600 6601 6602,2915520 2916160 2916800 2917440 2918080 2918720 2919360 2920000 2920640 2921280 2921920 2922560 2923200 2923840 2924480 2925120 2925760 2926400 2927040 2927680 2928320 2928960 2929600 2930240 2930880 2931520 2932160 2932800 2933440 2934080 2934720 2935360 2936000 2936640 2937280 2937920 2938560 2939200 2939840 2940480 2941120 2941760 2942400 2943040 2943680 2944320 2944960 2945600 2946240 2946880
22.0,1634134083.798644,50,0,0,0,14835,118680,0,0.020126979591836694,0.002348755889559829,31802.736218451395,22.000247 22.020664 22.040512 22.063533 22.08501 22.100028 22.122162 22.14006 22.161728 22.181457 22.204843 22.224662 22.240306 22.261171 22.282923 22.300581 22.321849 22.339709 22.363694 22.382769 22.400246 22.422068 22.44142 22.463338 22.480215 22.501528 22.520385 22.540243 22.562664 22.580528 22.601775 22.62422 22.640145 22.66175 22.683014 22.699637 22.722844 22.74073 22.760583 22.781133 22.800142 22.821481 22.841817 22.865073 22.880114 22.901578 22.921283 22.94253 22.96192 22.986469,6603 6604 6605 6606 6607 6608 6609 6610 6611 6612 6613 6614 6615 6616 6617 6618 6619 6620 6621 6622 6623 6624 6625 6626 6627 6628 6629 6630 6631 6632 6633 6634 6635 6636 6637 6638 6639 6640 6641 6642 6643 6644 6645 6646 6647 6648 6649 6650 6651 6652,2947520 2948160 2948800 2949440 2950080 2950720 2951360 2952000 2952640 2953280 2953920 2954560 2955200 2955840 2956480 2957120 2957760 2958400 2959040 2959680 2960320 2960960 2961600 2962240 2962880 2963520 2964160 2964800 2965440 2966080 2966720 2967360 2968000 2968640 2969280 2969920 2970560 2971200 2971840 2972480 2973120 2973760 2974400 2975040 2975680 2976320 2976960 2977600 2978240 2978880
23.0,1634134084.798644,50,0,0,0,14551,116408,0,0.020061857142857152,0.0024284999742638,31721.00888595262,23.0001 23.022933 23.042539 23.060007 23.082726 23.102556 23.1232 23.140332 23.160616 23.183188 23.200361 23.223552 23.242012 23.261702 23.283104 23.300088 23.320168 23.342888 23.359591 23.383671 23.401917 23.425025 23.440938 23.460265 23.483575 23.502129 23.523436 23.540647 23.56271 23.580587 23.600647 23.622587 23.640357 23.662644 23.68219 23.702071 23.725445 23.739987 23.762677 23.783827 23.801099 23.82406 23.839776 23.861137 23.880819 23.899836 23.920109 23.939847 23.963852 23.983131,6653 6654 6655 6656 6657 6658 6659 6660 6661 6662 6663 6664 6665 6666 6667 6668 6669 6670 6671 6672 6673 6674 6675 6676 6677 6678 6679 6680 6681 6682 6683 6684 6685 6686 6687 6688 6689 6690 6691 6692 6693 6694 6695 6696 6697 6698 6699 6700 6701 6702,2979520 2980160 2980800 2981440 2982080 2982720 2983360 2984000 2984640 2985280 2985920 2986560 2987200 2987840 2988480 2989120 2989760 2990400 2991040 2991680 2992320 2992960 2993600 2994240 2994880 2995520 2996160 2996800 2997440 2998080 2998720 2999360 3000000 3000640 3001280 3001920 3002560 3003200 3003840 3004480 3005120 3005760 3006400 3007040 3007680 3008320 3008960 3009600 3010240 3010880
24.0,1634134085.798644,50,0,0,0,14353,114824,0,0.019941897959183698,0.0016990060604766691,32428.321327991383,24.003659 24.019941 24.039768 24.061361 24.085665 24.102411 24.123406 24.14078 24.162135 24.181514 24.19939 24.220629 24.242369 24.260937 24.282044 24.301263 24.321019 24.3403 24.360257 24.379976 24.399791 24.42029 24.438882 24.45917 24.479062 24.502323 24.518896 24.539949 24.561416 24.579892 24.601261 24.6204 24.639682 24.661593 24.683063 24.700099 24.721644 24.741966 24.762818 24.780702 24.799321 24.819186 24.839445 24.860164 24.880123 24.90273 24.92268 24.942397 24.96285 24.980812,6703 6704 6705 6706 6707 6708 6709 6710 6711 6712 6713 6714 6715 6716 6717 6718 6719 6720 6721 6722 6723 6724 6725 6726 6727 6728 6729 6730 6731 6732 6733 6734 6735 6736 6737 6738 6739 6740 6741 6742 6743 6744 6745 6746 6747 6748 6749 6750 6751 6752,3011520 3012160 3012800 3013440 3014080 3014720 3015360 3016000 3016640 3017280 3017920 3018560 3019200 3019840 3020480 3021120 3021760 3022400 3023040 3023680 3024320 3024960 3025600 3026240 3026880 3027520 3028160 3028800 3029440 3030080 3030720 3031360 3032000 3032640 3033280 3033920 3034560 3035200 3035840 3036480 3037120 3037760 3038400 3039040 3039680 3040320 3040960 3041600 3042240 3042880
25.0,1634134086.798644,50,0,0,0,14569,116552,0,0.02001097959183672,0.0020260477895171257,31879.733037078197,25.001005 25.021705 25.039407 25.062041 25.08408 25.101148 25.126621 25.141244 25.163126 25.182138 25.202181 25.221644 25.242794 25.264341 25.284003 25.301748 25.320171 25.341654 25.360005 25.38462 25.401935 25.422842 25.441784 25.460818 25.480903 25.501164 25.519651 25.539884 25.560704 25.582492 25.60104 25.622053 25.642462 25.660644 25.684661 25.702163 25.722903 25.742851 25.7605 25.781063 25.80219 25.821657 25.843799 25.861536 25.881919 25.899788 25.919477 25.939852 25.960021 25.981543,6753 6754 6755 6756 6757 6758 6759 6760 6761 6762 6763 6764 6765 6766 6767 6768 6769 6770 6771 6772 6773 6774 6775 6776 6777 6778 6779 6780 6781 6782 6783 6784 6785 6786 6787 6788 6789 6790 6791 6792 6793 6794 6795 6796 6797 6798 6799 6800 6801 6802,3043520 3044160 3044800 3045440 3046080 3046720 3047360 3048000 3048640 3049280 3049920 3050560 3051200 3051840 3052480 3053120 3053760 3054400 3055040 3055680 3056320 3056960 3057600 3058240 3058880 3059520 3060160 3060800 3061440 3062080 3062720 3063360 3064000 3064640 3065280 3065920 3066560 3067200 3067840 3068480 3069120 3069760 3070400 3071040 3071680 3072320 3072960 3073600 3074240 3074880
26.0,1634134087.798644,51,0,0,0,14230,113840,0,0.019982320000000015,0.0018350051041464573,31746.47002309575,26.000401 26.02222 26.043218 26.062254 26.083155 26.100219 26.123359 26.142339 26.163696 26.185441 26.200925 26.22278 26.241837 26.264245 26.284468 26.299914 26.322079 26.343154 26.36187 26.382571 26.399912 26.42273 26.441996 26.462681 26.484809 26.502747 26.52128 26.540428 26.562569 26.579519 26.600002 26.619242 26.640027 26.65953 26.680687 26.699202 26.720465 26.739847 26.760081 26.781546 26.800518 26.820108 26.841921 26.862347 26.883729 26.900337 26.920835 26.941346 26.958995 26.979361 26.999517,6803 6804 6805 6806 6807 6808 6809 6810 6811 6812 6813 6814 6815 6816 6817 6818 6819 6820 6821 6822 6823 6824 6825 6826 6827 6828 6829 6830 6831 6832 6833 6834 6835 6836 6837 6838 6839 6840 6841 6842 6843 6844 6845 6846 6847 6848 6849 6850 6851 6852 6853,3075520 3076160 3076800 3077440 3078080 3078720 3079360 3080000 3080640 3081280 3081920 3082560 3083200 3083840 3084480 3085120 3085760 3086400 3087040 3087680 3088320 3088960 3089600 3090240 3090880 3091520 3092160 3092800 3093440 3094080 3094720 3095360 3096000 3096640 3097280 3097920 3098560 3099200 3099840 3100480 3101120 3101760 3102400 3103040 3103680 3104320 3104960 3105600 3106240 3106880 3107520
27.0,1634134088.798644,49,0,0,0,14106,112848,0,0.02004991666666663,0.0023643046374017037,31794.807064816767,27.02016 27.040089 27.063499 27.085767 27.09972 27.123163 27.140031 27.159475 27.181153 27.20023 27.221979 27.241871 27.262026 27.282168 27.29986 27.321267 27.343136 27.360766 27.382847 27.40072 27.420494 27.443551 27.461415 27.482605 27.501253 27.522305 27.542328 27.560281 27.58338 27.600987 27.621688 27.639592 27.659651 27.679475 27.699633 27.722827 27.744322 27.759978 27.783361 27.800927 27.824849 27.843645 27.860401 27.88477 27.901155 27.920616 27.941253 27.960686 27.982556,6854 6855 6856 6857 6858 6859 6860 6861 6862 6863 6864 6865 6866 6867 6868 6869 6870 6871 6872 6873 6874 6875 6876 6877 6878 6879 6880 6881 6882 6883 6884 6885 6886 6887 6888 6889 6890 6891 6892 6893 6894 6895 6896 6897 6898 6899 6900 6901 6902,3108160 3108800 3109440 3110080 3110720 3111360 3112000 3112640 3113280 3113920 3114560 3115200 3115840 3116480 3117120 3117760 3118400 3119040 3119680 3120320 3120960 3121600 3122240 3122880 3123520 3124160 3124800 3125440 3126080 3126720 3127360 3128000 3128640 3129280 3129920 3130560 3131200 3131840 3132480 3133120 3133760 3134400 3135040 3135680 3136320 3136960 3137600 3138240 3138880
28.0,1634134089.798644,50,0,0,0,14973,119784,0,0.020052673469387747,0.00228463501267894,31784.607353706106,28.000252 28.021493 28.043009 28.060325 28.082371 28.100759 28.123263 28.143786 28.162046 28.182287 28.199201 28.219901 28.241702 28.263084 28.282459 28.299731 28.322762 28.339976 28.362549 28.385117 28.399745 28.41979 28.44162 28.463939 28.483661 28.500147 28.521268 28.542403 28.562059 28.584612 28.601386 28.62091 28.642752 28.662685 28.684811 28.700155 28.721453 28.7395 28.75933 28.780515 28.800098 28.82006 28.840223 28.863885 28.879845 28.900872 28.923691 28.939812 28.962928 28.982833,6903 6904 6905 6906 6907 6908 6909 6910 6911 6912 6913 6914 6915 6916 6917 6918 6919 6920 6921 6922 6923 6924 6925 6926 6927 6928 6929 6930 6931 6932 6933 6934 6935 6936 6937 6938 6939 6940 6941 6942 6943 6944 6945 6946 6947 6948 6949 6950 6951 6952,3139520 3140160 3140800 3141440 3142080 3142720 3143360 3144000 3144640 3145280 3145920 3146560 3147200 3147840 3148480 3149120 3149760 3150400 3151040 3151680 3152320 3152960 3153600 3154240 3154880 3155520 3156160 3156800 3157440 3158080 3158720 3159360 3160000 3160640 3161280 3161920 3162560 3163200 3163840 3164480 3165120 3165760 3166400 3167040 3167680 3168320 3168960 3169600 3170240 3170880
29.0,1634134090.798644,50,0,0,0,14566,116528,0,0.020005632653061222,0.00163921224340029,31754.79685645848,29.000192 29.022335 29.044415 29.061998 29.081718 29.099782 29.120641 29.142845 29.163642 29.180204 29.20064 29.219822 29.240853 29.261887 29.279497 29.301814 29.3237 29.340804 29.360627 29.382559 29.40009 29.421182 29.441719 29.462618 29.483023 29.500669 29.523334 29.542169 29.562409 29.582044 29.602081 29.621219 29.641842 29.66069 29.682288 29.700431 29.719838 29.742097 29.762965 29.782732 29.801506 29.82126 29.840997 29.860162 29.879388 29.901564 29.919313 29.942115 29.962548 29.980468,6953 6954 6955 6956 6957 6958 6959 6960 6961 6962 6963 6964 6965 6966 6967 6968 6969 6970 6971 6972 6973 6974 6975 6976 6977 6978 6979 6980 6981 6982 6983 6984 6985 6986 6987 6988 6989 6990 6991 6992 6993 6994 6995 6996 6997 6998 6999 7000 7001 7002,3171520 3172160 3172800 3173440 3174080 3174720 3175360 3176000 3176640 3177280 3177920 3178560 3179200 3179840 3180480 3181120 3181760 3182400 3183040 3183680 3184320 3184960 3185600 3186240 3186880 3187520 3188160 3188800 3189440 3190080 3190720 3191360 3192000 3192640 3193280 3193920 3194560 3195200 3195840 3196480 3197120 3197760 3198400 3199040 3199680 3200320 3200960 3201600 3202240 3202880
30.0,1634134091.798644,50,0,0,0,14615,116920,0,0.020045530612244945,0.0020483526318122733,31922.68478260908,30.000096 30.019032 30.040179 30.060153 30.079599 30.102381 30.1201 30.144245 30.160802 30.180606 30.202853 30.219834 30.24026 30.261656 30.282074 30.301346 30.322023 30.343283 30.360271 30.379327 30.401821 30.420703 30.442467 30.460188 30.481916 30.503577 30.521807 30.542273 30.56098 30.58178 30.603491 30.620672 30.641551 30.661697 30.68074 30.702175 30.720144 30.742596 30.763202 30.781079 30.800364 30.819912 30.843517 30.860046 30.881629 30.904207 30.919712 30.943429 30.962059 30.982327,7003 7004 7005 7006 7007 7008 7009 7010 7011 7012 7013 7014 7015 7016 7017 7018 7019 7020 7021 7022 7023 7024 7025 7026 7027 7028 7029 7030 7031 7032 7033 7034 7035 7036 7037 7038 7039 7040 7041 7042 7043 7044 7045 7046 7047 7048 7049 7050 7051 7052,3203520 3204160 3204800 3205440 3206080 3206720 3207360 3208000 3208640 3209280 3209920 3210560 3211200 3211840 3212480 3213120 3213760 3214400 3215040 3215680 3216320 3216960 3217600 3218240 3218880 3219520 3220160 3220800 3221440 3222080 3222720 3223360 3224000 3224640 3225280 3225920 3226560 3227200 3227840 3228480 3229120 3229760 3230400 3231040 3231680 3232320 3232960 3233600 3234240 3234880
31.0,1634134092.798644,50,0,0,0,13830,110640,0,0.020017122448979657,0.00269467473015934,31844.468253595795,31.000441 31.02016 31.042896 31.0611 31.0812 31.104136 31.122229 31.143228 31.162143 31.181617 31.200603 31.220627 31.241075 31.260711 31.280441 31.301422 31.321504 31.343755 31.359763 31.381745 31.400965 31.420262 31.44225 31.461861 31.480337 31.500551 31.519053 31.544714 31.559986 31.58163 31.604209 31.620195 31.643607 31.659947 31.681431 31.702755 31.720386 31.748521 31.761899 31.782706 31.803099 31.820347 31.841801 31.862847 31.88286 31.903278 31.920024 31.94093 31.965473 31.98128,7053 7054 7055 7056 7057 7058 7059 7060 7061 7062 7063 7064 7065 7066 7067 7068 7069 7070 7071 7072 7073 7074 7075 7076 7077 7078 7079 7080 7081 7082 7083 7084 7085 7086 7087 7088 7089 7090 7091 7092 7093 7094 7095 7096 7097 7098 7099 7100 7101 7102,3235520 3236160 3236800 3237440 3238080 3238720 3239360 3240000 3240640 3241280 3241920 3242560 3243200 3243840 3244480 3245120 3245760 3246400 3247040 3247680 3248320 3248960 3249600 3250240 3250880 3251520 3252160 3252800 3253440 3254080 3254720 3255360 3256000 3256640 3257280 3257920 3258560 3259200 3259840 3260480 3261120 3261760 3262400 3263040 3263680 3264320 3264960 3265600 3266240 3266880
32.0,1634134093.798644,51,0,0,0,13867,110936,0,0.019974640000000078,0.0019968974891171414,31918.84901312004,32.00046 32.020727 32.041345 32.060407 32.08141 32.100619 32.121186 32.140954 32.160095 32.180266 32.201327 32.221021 32.241683 32.260534 32.283717 32.300883 32.322076 32.343921 32.359907 32.379206 32.399403 32.422281 32.443446 32.462323 32.481816 32.499481 32.520485 32.545611 32.560126 32.578968 32.602029 32.620282 32.642093 32.660466 32.681818 32.700244 32.722685 32.745036 32.760648 32.78417 32.802367 32.822458 32.841705 32.860957 32.879473 32.899032 32.919272 32.939294 32.95881 32.97947 32.999192,7103 7104 7105 7106 7107 7108 7109 7110 7111 7112 7113 7114 7115 7116 7117 7118 7119 7120 7121 7122 7123 7124 7125 7126 7127 7128 7129 7130 7131 7132 7133 7134 7135 7136 7137 7138 7139 7140 7141 7142 7143 7144 7145 7146 7147 7148 7149 7150 7151 7152 7153,3267520 3268160 3268800 3269440 3270080 3270720 3271360 3272000 3272640 3273280 3273920 3274560 3275200 3275840 3276480 3277120 3277760 3278400 3279040 3279680 3280320 3280960 3281600 3282240 3282880 3283520 3284160 3284800 3285440 3286080 3286720 3287360 3288000 3288640 3289280 3289920 3290560 3291200 3291840 3292480 3293120 3293760 3294400 3295040 3295680 3296320 3296960 3297600 3298240 3298880 3299520
33.0,1634134094.798644,49,0,0,0,13670,109360,0,0.02003770833333333,0.0023413138788029694,31779.361451585744,33.01941 33.040346 33.062047 33.080815 33.09948 33.120272 33.139745 33.159989 33.178904 33.200823 33.219475 33.239064 33.260434 33.279782 33.299985 33.321783 33.345806 33.362363 33.385376 33.400041 33.423501 33.443333 33.459942 33.484463 33.501838 33.522614 33.542086 33.560962 33.582452 33.602554 33.620111 33.640784 33.661676 33.683927 33.702045 33.723344 33.742122 33.768333 33.781988 33.800709 33.820977 33.839658 33.859769 33.879979 33.902271 33.92122 33.942527 33.960112 33.98122,7154 7155 7156 7157 7158 7159 7160 7161 7162 7163 7164 7165 7166 7167 7168 7169 7170 7171 7172 7173 7174 7175 7176 7177 7178 7179 7180 7181 7182 7183 7184 7185 7186 7187 7188 7189 7190 7191 7192 7193 7194 7195 7196 7197 7198 7199 7200 7201 7202,3300160 3300800 3301440 3302080 3302720 3303360 3304000 3304640 3305280 3305920 3306560 3307200 3307840 3308480 3309120 3309760 3310400 3311040 3311680 3312320 3312960 3313600 3314240 3314880 3315520 3316160 3316800 3317440 3318080 3318720 3319360 3320000 3320640 3321280 3321920 3322560 3323200 3323840 3324480 3325120 3325760 3326400 3327040 3327680 3328320 3328960 3329600 3330240 3330880
34.0,1634134095.798644,50,0,0,0,13841,110728,0,0.02010336734693875,0.0024558121509158405,32185.461965355236,34.002158 34.019997 34.042163 34.060617 34.080186 34.10267 34.119253 34.139151 34.160483 34.180488 34.199324 34.219011 34.241902 34.260238 34.281391 34.300822 34.321987 34.342229 34.36131 34.383087 34.400814 34.421133 34.441561 34.461548 34.483336 34.501089 34.521274 34.54168 34.562597 34.579854 34.60345 34.625314 34.640021 34.665641 34.681245 34.702859 34.726846 34.740532 34.761425 34.782522 34.801394 34.823458 34.840981 34.863439 34.880122 34.899583 34.920556 34.940064 34.96206 34.987223,7203 7204 7205 7206 7207 7208 7209 7210 7211 7212 7213 7214 7215 7216 7217 7218 7219 7220 7221 7222 7223 7224 7225 7226 7227 7228 7229 7230 7231 7232 7233 7234 7235 7236 7237 7238 7239 7240 7241 7242 7243 7244 7245 7246 7247 7248 7249 7250 7251 7252,3331520 3332160 3332800 3333440 3334080 3334720 3335360 3336000 3336640 3337280 3337920 3338560 3339200 3339840 3340480 3341120 3341760 3342400 3343040 3343680 3344320 3344960 3345600 3346240 3346880 3347520 3348160 3348800 3349440 3350080 3350720 3351360 3352000 3352640 3353280 3353920 3354560 3355200 3355840 3356480 3357120 3357760 3358400 3359040 3359680 3360320 3360960 3361600 3362240 3362880
35.0,1634134096.798644,50,0,0,0,14243,113944,0,0.019973734693877532,0.0025076873540463866,31958.930105005584,35.001465 35.023522 35.042068 35.060232 35.079911 35.099902 35.119687 35.140081 35.16116 35.179724 35.200226 35.219989 35.245605 35.261764 35.280756 35.300099 35.320926 35.342379 35.362758 35.383277 35.403474 35.422582 35.443549 35.465153 35.482285 35.504137 35.520079 35.541444 35.56614 35.579813 35.603487 35.623267 35.640501 35.664453 35.681715 35.702792 35.722126 35.739524 35.763841 35.782544 35.800804 35.820378 35.839333 35.860084 35.879661 35.903656 35.923263 35.940176 35.964494 35.980178,7253 7254 7255 7256 7257 7258 7259 7260 7261 7262 7263 7264 7265 7266 7267 7268 7269 7270 7271 7272 7273 7274 7275 7276 7277 7278 7279 7280 7281 7282 7283 7284 7285 7286 7287 7288 7289 7290 7291 7292 7293 7294 7295 7296 7297 7298 7299 7300 7301 7302,3363520 3364160 3364800 3365440 3366080 3366720 3367360 3368000 3368640 3369280 3369920 3370560 3371200 3371840 3372480 3373120 3373760 3374400 3375040 3375680 3376320 3376960 3377600 3378240 3378880 3379520 3380160 3380800 3381440 3382080 3382720 3383360 3384000 3384640 3385280 3385920 3386560 3387200 3387840 3388480 3389120 3389760 3390400 3391040 3391680 3392320 3392960 3393600 3394240 3394880
36.0,1634134097.798644,50,0,0,0,14976,119808,0,0.02001644897959186,0.0022085041889372396,31891.187299749283,36.001556 36.025114 36.03981 36.062743 36.083046 36.102942 36.125134 36.14137 36.161329 36.181062 36.199597 36.220814 36.239521 36.262148 36.282594 36.300474 36.323213 36.340759 36.359805 36.380282 36.399922 36.421006 36.441327 36.460278 36.482568 36.503294 36.52209 36.539573 36.563043 36.58227 36.600131 36.621857 36.640359 36.663442 36.685509 36.699846 36.723743 36.744594 36.762582 36.782464 36.800123 36.821667 36.844321 36.863136 36.881591 36.901766 36.920815 36.941133 36.9596 36.982362,7303 7304 7305 7306 7307 7308 7309 7310 7311 7312 7313 7314 7315 7316 7317 7318 7319 7320 7321 7322 7323 7324 7325 7326 7327 7328 7329 7330 7331 7332 7333 7334 7335 7336 7337 7338 7339 7340 7341 7342 7343 7344 7345 7346 7347 7348 7349 7350 7351 7352,3395520 3396160 3396800 3397440 3398080 3398720 3399360 3400000 3400640 3401280 3401920 3402560 3403200 3403840 3404480 3405120 3405760 3406400 3407040 3407680 3408320 3408960 3409600 3410240 3410880 3411520 3412160 3412800 3413440 3414080 3414720 3415360 3416000 3416640 3417280 3417920 3418560 3419200 3419840 3420480 3421120 3421760 3422400 3423040 3423680 3424320 3424960 3425600 3426240 3426880
37.0,1634134098.798644,50,0,0,0,12846,102768,0,0.019950714285714384,0.0025676444376772018,31944.886897368742,37.002134 37.024846 37.044813 37.059726 37.082456 37.10084 37.122914 37.139493 37.160365 37.183762 37.20133 37.220374 37.243431 37.26011 37.281773 37.301964 37.323025 37.345007 37.362491 37.38241 37.402498 37.420219 37.444143 37.460565 37.480971 37.499847 37.519283 37.539734 37.5601 37.581063 37.59984 37.6209 37.642383 37.665634 37.68578 37.700287 37.721997 37.74391 37.760981 37.781594 37.802777 37.819649 37.841731 37.86 37.882959 37.90204 37.920373 37.946541 37.9605 37.979719,7353 7354 7355 7356 7357 7358 7359 7360 7361 7362 7363 7364 7365 7366 7367 7368 7369 7370 7371 7372 7373 7374 7375 7376 7377 7378 7379 7380 7381 7382 7383 7384 7385 7386 7387 7388 7389 7390 7391 7392 7393 7394 7395 7396 7397 7398 7399 7400 7401 7402,3427520 3428160 3428800 3429440 3430080 3430720 3431360 3432000 3432640 3433280 3433920 3434560 3435200 3435840 3436480 3437120 3437760 3438400 3439040 3439680 3440320 3440960 3441600 3442240 3442880 3443520 3444160 3444800 3445440 3446080 3446720 3447360 3448000 3448640 3449280 3449920 3450560 3451200 3451840 3452480 3453120 3453760 3454400 3455040 3455680 3456320 3456960 3457600 3458240 3458880
38.0,1634134099.798644,51,0,0,0,11654,93232,0,0.01995443999999992,0.0027247104258052855,32161.985245688564,38.002273 38.0198 38.043872 38.062518 38.080399 38.102056 38.121035 38.140943 38.161599 38.179833 38.202968 38.219708 38.239126 38.259576 38.279408 38.300379 38.320663 38.341065 38.361872 38.380632 38.403367 38.421192 38.440825 38.462889 38.479859 38.50236 38.523777 38.539474 38.566927 38.579511 38.603721 38.623307 38.641722 38.660568 38.680671 38.70082 38.721338 38.74264 38.761398 38.781527 38.799357 38.819477 38.8395 38.866434 38.879443 38.902556 38.921892 38.941706 38.961449 38.979788 38.999995,7403 7404 7405 7406 7407 7408 7409 7410 7411 7412 7413 7414 7415 7416 7417 7418 7419 7420 7421 7422 7423 7424 7425 7426 7427 7428 7429 7430 7431 7432 7433 7434 7435 7436 7437 7438 7439 7440 7441 7442 7443 7444 7445 7446 7447 7448 7449 7450 7451 7452 7453,3459520 3460160 3460800 3461440 3462080 3462720 3463360 3464000 3464640 3465280 3465920 3466560 3467200 3467840 3468480 3469120 3469760 3470400 3471040 3471680 3472320 3472960 3473600 3474240 3474880 3475520 3476160 3476800 3477440 3478080 3478720 3479360 3480000 3480640 3481280 3481920 3482560 3483200 3483840 3484480 3485120 3485760 3486400 3487040 3487680 3488320 3488960 3489600 3490240 3490880 3491520
39.0,1634134100.798644,49,0,0,0,12645,101160,0,0.02001608333333345,0.0021548693481978935,31809.791963274714,39.020706 39.041453 39.065041 39.080605 39.102752 39.12053 39.139331 39.162676 39.180442 39.203458 39.22385 39.242985 39.265411 39.28039 39.30032 39.322851 39.342189 39.362859 39.382273 39.400363 39.421678 39.442501 39.462016 39.482829 39.49991 39.521345 39.544102 39.560552 39.582603 39.599612 39.620793 39.641349 39.662234 39.683907 39.700287 39.723175 39.741612 39.760238 39.782636 39.803634 39.822351 39.84263 39.862184 39.880861 39.902644 39.9197 39.941891 39.961954 39.981478,7454 7455 7456 7457 7458 7459 7460 7461 7462 7463 7464 7465 7466 7467 7468 7469 7470 7471 7472 7473 7474 7475 7476 7477 7478 7479 7480 7481 7482 7483 7484 7485 7486 7487 7488 7489 7490 7491 7492 7493 7494 7495 7496 7497 7498 7499 7500 7501 7502,3492160 3492800 3493440 3494080 3494720 3495360 3496000 3496640 3497280 3497920 3498560 3499200 3499840 3500480 3501120 3501760 3502400 3503040 3503680 3504320 3504960 3505600 3506240 3506880 3507520 3508160 3508800 3509440 3510080 3510720 3511360 3512000 3512640 3513280 3513920 3514560 3515200 3515840 3516480 3517120 3517760 3518400 3519040 3519680 3520320 3520960 3521600 3522240 3522880
40.0,1634134101.798644,51,0,0,0,14207,113656,0,0.019971060000000023,0.002602730469004695,31918.068436030073,40.001388 40.021962 40.042167 40.060512 40.083197 40.103956 40.120087 40.14116 40.161706 40.180928 40.205286 40.221007 40.241885 40.261964 40.282716 40.300464 40.321014 40.341522 40.36294 40.379841 40.403029 40.427215 40.440489 40.461628 40.485466 40.500738 40.521977 40.542084 40.563833 40.580742 40.601837 40.624265 40.641088 40.661823 40.679325 40.699471 40.719869 40.742032 40.760054 40.779922 40.802526 40.821875 40.84184 40.864962 40.884591 40.900612 40.925367 40.941571 40.961622 40.98383 40.999941,7503 7504 7505 7506 7507 7508 7509 7510 7511 7512 7513 7514 7515 7516 7517 7518 7519 7520 7521 7522 7523 7524 7525 7526 7527 7528 7529 7530 7531 7532 7533 7534 7535 7536 7537 7538 7539 7540 7541 7542 7543 7544 7545 7546 7547 7548 7549 7550 7551 7552 7553,3523520 3524160 3524800 3525440 3526080 3526720 3527360 3528000 3528640 3529280 3529920 3530560 3531200 3531840 3532480 3533120 3533760 3534400 3535040 3535680 3536320 3536960 3537600 3538240 3538880 3539520 3540160 3540800 3541440 3542080 3542720 3543360 3544000 3544640 3545280 3545920 3546560 3547200 3547840 3548480 3549120 3549760 3550400 3551040 3551680 3552320 3552960 3553600 3554240 3554880 3555520
41.0,1634134102.798644,49,0,0,0,13548,108384,0,0.020010958333333217,0.0027009344872864563,32027.326236363162,41.021582 41.039978 41.061605 41.084842 41.09954 41.122337 41.140769 41.160821 41.184177 41.201908 41.223655 41.24039 41.259735 41.281028 41.300517 41.323723 41.340599 41.362026 41.382661 41.399493 41.425443 41.439976 41.459828 41.482171 41.50104 41.526051 41.539854 41.560804 41.582469 41.601506 41.623877 41.640293 41.660491 41.681517 41.702374 41.722646 41.740281 41.760897 41.782953 41.800764 41.823479 41.841621 41.861289 41.882694 41.899798 41.9242 41.942912 41.960841 41.982108,7554 7555 7556 7557 7558 7559 7560 7561 7562 7563 7564 7565 7566 7567 7568 7569 7570 7571 7572 7573 7574 7575 7576 7577 7578 7579 7580 7581 7582 7583 7584 7585 7586 7587 7588 7589 7590 7591 7592 7593 7594 7595 7596 7597 7598 7599 7600 7601 7602,3556160 3556800 3557440 3558080 3558720 3559360 3560000 3560640 3561280 3561920 3562560 3563200 3563840 3564480 3565120 3565760 3566400 3567040 3567680 3568320 3568960 3569600 3570240 3570880 3571520 3572160 3572800 3573440 3574080 3574720 3575360 3576000 3576640 3577280 3577920 3578560 3579200 3579840 3580480 3581120 3581760 3582400 3583040 3583680 3584320 3584960 3585600 3586240 3586880
42.0,1634134103.798644,50,0,0,0,8368,66944,0,0.01997869387755095,0.0022689597121082396,31875.010499254207,42.001395 42.024265 42.042833 42.05993 42.08419 42.103175 42.122155 42.143642 42.160044 42.181132 42.200521 42.219832 42.242321 42.260753 42.283555 42.302464 42.320202 42.344321 42.359888 42.38065 42.399207 42.419243 42.445133 42.462556 42.479802 42.501806 42.520429 42.544795 42.561908 42.580366 42.601443 42.619428 42.641181 42.659769 42.680257 42.700922 42.722619 42.742539 42.759725 42.780902 42.801562 42.819903 42.843658 42.863402 42.881646 42.901299 42.92097 42.940538 42.960065 42.980351,7603 7604 7605 7606 7607 7608 7609 7610 7611 7612 7613 7614 7615 7616 7617 7618 7619 7620 7621 7622 7623 7624 7625 7626 7627 7628 7629 7630 7631 7632 7633 7634 7635 7636 7637 7638 7639 7640 7641 7642 7643 7644 7645 7646 7647 7648 7649 7650 7651 7652,3587520 3588160 3588800 3589440 3590080 3590720 3591360 3592000 3592640 3593280 3593920 3594560 3595200 3595840 3596480 3597120 3597760 3598400 3599040 3599680 3600320 3600960 3601600 3602240 3602880 3603520 3604160 3604800 3605440 3606080 3606720 3607360 3608000 3608640 3609280 3609920 3610560 3611200 3611840 3612480 3613120 3613760 3614400 3615040 3615680 3616320 3616960 3617600 3618240 3618880
43.0,1634134104.798644,50,0,0,0,8642,69136,0,0.019993040816326493,0.0025800975834194394,32089.60336930023,43.001877 43.020294 43.041851 43.06168 43.08005 43.102779 43.121852 43.142466 43.16506 43.180066 43.202401 43.220531 43.241714 43.261398 43.28123 43.299806 43.324292 43.344941 43.361757 43.379348 43.401876 43.419953 43.439678 43.462159 43.478775 43.499101 43.51942 43.539499 43.559978 43.580726 43.601857 43.622329 43.642551 43.660309 43.679877 43.703863 43.719669 43.743583 43.761407 43.779505 43.805133 43.819613 43.843865 43.864191 43.880199 43.903903 43.919614 43.939859 43.960834 43.981536,7653 7654 7655 7656 7657 7658 7659 7660 7661 7662 7663 7664 7665 7666 7667 7668 7669 7670 7671 7672 7673 7674 7675 7676 7677 7678 7679 7680 7681 7682 7683 7684 7685 7686 7687 7688 7689 7690 7691 7692 7693 7694 7695 7696 7697 7698 7699 7700 7701 7702,3619520 3620160 3620800 3621440 3622080 3622720 3623360 3624000 3624640 3625280 3625920 3626560 3627200 3627840 3628480 3629120 3629760 3630400 3631040 3631680 3632320 3632960 3633600 3634240 3634880 3635520 3636160 3636800 3637440 3638080 3638720 3639360 3640000 3640640 3641280 3641920 3642560 3643200 3643840 3644480 3645120 3645760 3646400 3647040 3647680 3648320 3648960 3649600 3650240 3650880
44.0,1634134105.798644,51,0,0,0,8988,71904,0,0.019952260000000024,0.0022345349222543985,32128.37631548291,44.002263 44.019568 44.045727 44.059852 44.081044 44.104059 44.121953 44.142356 44.16197 44.179605 44.199504 44.221607 44.241947 44.262546 44.283799 44.299838 44.322393 44.342321 44.363453 44.380913 44.401569 44.41954 44.439362 44.459686 44.479235 44.499989 44.52094 44.540959 44.56373 44.582883 44.599902 44.620675 44.643096 44.662614 44.681815 44.704989 44.71962 44.7418 44.76265 44.780141 44.803007 44.821645 44.840339 44.860536 44.882987 44.901679 44.922128 44.942647 44.962492 44.982344 44.999876,7703 7704 7705 7706 7707 7708 7709 7710 7711 7712 7713 7714 7715 7716 7717 7718 7719 7720 7721 7722 7723 7724 7725 7726 7727 7728 7729 7730 7731 7732 7733 7734 7735 7736 7737 7738 7739 7740 7741 7742 7743 7744 7745 7746 7747 7748 7749 7750 7751 7752 7753,3651520 3652160 3652800 3653440 3654080 3654720 3655360 3656000 3656640 3657280 3657920 3658560 3659200 3659840 3660480 3661120 3661760 3662400 3663040 3663680 3664320 3664960 3665600 3666240 3666880 3667520 3668160 3668800 3669440 3670080 3670720 3671360 3672000 3672640 3673280 3673920 3674560 3675200 3675840 3676480 3677120 3677760 3678400 3679040 3679680 3680320 3680960 3681600 3682240 3682880 3683520
45.0,1634134106.798644,49,0,0,0,7801,62408,0,0.02000752083333331,0.0026029915685497965,31852.986771184107,45.019881 45.039924 45.059904 45.08066 45.103193 45.124108 45.140391 45.160233 45.183099 45.201026 45.221784 45.239652 45.259436 45.279267 45.299849 45.318906 45.340766 45.359114 45.379276 45.400871 45.420569 45.441171 45.460466 45.481687 45.505521 45.521744 45.542312 45.561223 45.580484 45.601195 45.619752 45.643132 45.660029 45.681644 45.703537 45.720213 45.742274 45.759694 45.78107 45.806672 45.820527 45.848123 45.862741 45.88198 45.902584 45.9202 45.943821 45.962024 45.980242,7754 7755 7756 7757 7758 7759 7760 7761 7762 7763 7764 7765 7766 7767 7768 7769 7770 7771 7772 7773 7774 7775 7776 7777 7778 7779 7780 7781 7782 7783 7784 7785 7786 7787 7788 7789 7790 7791 7792 7793 7794 7795 7796 7797 7798 7799 7800 7801 7802,3684160 3684800 3685440 3686080 3686720 3687360 3688000 3688640 3689280 3689920 3690560 3691200 3691840 3692480 3693120 3693760 3694400 3695040 3695680 3696320 3696960 3697600 3698240 3698880 3699520 3700160 3700800 3701440 3702080 3702720 3703360 3704000 3704640 3705280 3705920 3706560 3707200 3707840 3708480 3709120 3709760 3710400 3711040 3711680 3712320 3712960 3713600 3714240 3714880
46.0,1634134107.798644,50,0,0,0,6895,55160,0,0.020079571428571447,0.0029588155076535117,31975.182620346968,46.001489 46.02285 46.039339 46.063124 46.080418 46.10108 46.121298 46.142669 46.160663 46.182278 46.199888 46.220222 46.241979 46.261703 46.284202 46.3032 46.320014 46.350576 46.360423 46.379935 46.402151 46.42543 46.440096 46.460909 46.479197 46.499251 46.51979 46.539565 46.561655 46.580731 46.600169 46.62065 46.64025 46.659927 46.682057 46.70369 46.722337 46.741607 46.763026 46.780081 46.801091 46.822208 46.842105 46.864676 46.880578 46.901255 46.923953 46.940297 46.963266 46.985388,7803 7804 7805 7806 7807 7808 7809 7810 7811 7812 7813 7814 7815 7816 7817 7818 7819 7820 7821 7822 7823 7824 7825 7826 7827 7828 7829 7830 7831 7832 7833 7834 7835 7836 7837 7838 7839 7840 7841 7842 7843 7844 7845 7846 7847 7848 7849 7850 7851 7852,3715520 3716160 3716800 3717440 3718080 3718720 3719360 3720000 3720640 3721280 3721920 3722560 3723200 3723840 3724480 3725120 3725760 3726400 3727040 3727680 3728320 3728960 3729600 3730240 3730880 3731520 3732160 3732800 3733440 3734080 3734720 3735360 3736000 3736640 3737280 3737920 3738560 3739200 3739840 3740480 3741120 3741760 3742400 3743040 3743680 3744320 3744960 3745600 3746240 3746880
47.0,1634134108.798644,50,0,0,0,7829,62632,0,0.01998153061224492,0.002336717543745925,31817.301075878484,47.000473 47.021161 47.041487 47.065094 47.080867 47.101203 47.122589 47.142026 47.16608 47.179774 47.200558 47.221184 47.241453 47.2619 47.279522 47.299791 47.32291 47.342939 47.364957 47.379304 47.400455 47.423116 47.440924 47.461244 47.479304 47.502104 47.523399 47.543418 47.561843 47.579685 47.600444 47.620801 47.641165 47.662316 47.681066 47.7044 47.720778 47.740643 47.762347 47.779678 47.803036 47.822868 47.842961 47.863972 47.880077 47.903226 47.920126 47.940009 47.960267 47.979568,7853 7854 7855 7856 7857 7858 7859 7860 7861 7862 7863 7864 7865 7866 7867 7868 7869 7870 7871 7872 7873 7874 7875 7876 7877 7878 7879 7880 7881 7882 7883 7884 7885 7886 7887 7888 7889 7890 7891 7892 7893 7894 7895 7896 7897 7898 7899 7900 7901 7902,3747520 3748160 3748800 3749440 3750080 3750720 3751360 3752000 3752640 3753280 3753920 3754560 3755200 3755840 3756480 3757120 3757760 3758400 3759040 3759680 3760320 3760960 3761600 3762240 3762880 3763520 3764160 3764800 3765440 3766080 3766720 3767360 3768000 3768640 3769280 3769920 3770560 3771200 3771840 3772480 3773120 3773760 3774400 3775040 3775680 3776320 3776960 3777600 3778240 3778880
48.0,1634134109.798644,50,0,0,0,6685,53480,0,0.02002569387755105,0.002262097995630195,31897.246015532175,48.000648 48.020087 48.041092 48.063597 48.080014 48.102588 48.120649 48.144042 48.162214 48.180924 48.203263 48.22492 48.239751 48.260082 48.27962 48.302194 48.322258 48.340567 48.361148 48.381176 48.405418 48.422358 48.441227 48.46363 48.482593 48.501002 48.522405 48.543652 48.559538 48.579714 48.599331 48.619123 48.639391 48.661977 48.678873 48.700666 48.723193 48.742308 48.762241 48.779801 48.802122 48.82178 48.839561 48.864978 48.882087 48.902271 48.92178 48.93983 48.962797 48.981907,7903 7904 7905 7906 7907 7908 7909 7910 7911 7912 7913 7914 7915 7916 7917 7918 7919 7920 7921 7922 7923 7924 7925 7926 7927 7928 7929 7930 7931 7932 7933 7934 7935 7936 7937 7938 7939 7940 7941 7942 7943 7944 7945 7946 7947 7948 7949 7950 7951 7952,3779520 3780160 3780800 3781440 3782080 3782720 3783360 3784000 3784640 3785280 3785920 3786560 3787200 3787840 3788480 3789120 3789760 3790400 3791040 3791680 3792320 3792960 3793600 3794240 3794880 3795520 3796160 3796800 3797440 3798080 3798720 3799360 3800000 3800640 3801280 3801920 3802560 3803200 3803840 3804480 3805120 3805760 3806400 3807040 3807680 3808320 3808960 3809600 3810240 3810880
49.0,1634134110.798644,50,0,0,0,7215,57720,0,0.019996244897959176,0.0025796327139296434,31880.132368136983,49.000955 49.021921 49.039368 49.067255 49.084531 49.100024 49.123532 49.141724 49.161721 49.181963 49.201106 49.224868 49.239655 49.263118 49.280742 49.300431 49.319899 49.340261 49.359647 49.382921 49.400152 49.419371 49.440487 49.46137 49.484009 49.500319 49.51979 49.542078 49.559564 49.582809 49.599768 49.620914 49.644207 49.659781 49.683238 49.701149 49.720538 49.741867 49.759591 49.781547 49.799727 49.820087 49.842494 49.861551 49.881087 49.899613 49.919285 49.939916 49.960326 49.980771,7953 7954 7955 7956 7957 7958 7959 7960 7961 7962 7963 7964 7965 7966 7967 7968 7969 7970 7971 7972 7973 7974 7975 7976 7977 7978 7979 7980 7981 7982 7983 7984 7985 7986 7987 7988 7989 7990 7991 7992 7993 7994 7995 7996 7997 7998 7999 8000 8001 8002,3811520 3812160 3812800 3813440 3814080 3814720 3815360 3816000 3816640 3817280 3817920 3818560 3819200 3819840 3820480 3821120 3821760 3822400 3823040 3823680 3824320 3824960 3825600 3826240 3826880 3827520 3828160 3828800 3829440 3830080 3830720 3831360 3832000 3832640 3833280 3833920 3834560 3835200 3835840 3836480 3837120 3837760 3838400 3839040 3839680 3840320 3840960 3841600 3842240 3842880
50.0,1634134111.798644,50,0,0,0,9097,72776,0,0.020001224489795952,0.0023771699759147823,31871.40429528269,50.001838 50.02709 50.041463 50.064129 50.082403 50.101107 50.121767 50.13953 50.163128 50.181234 50.199644 50.226792 50.242355 50.262162 50.281625 50.299261 50.322416 50.343507 50.362671 50.382444 50.399692 50.419964 50.441524 50.460703 50.482633 50.501044 50.522353 50.543944 50.559857 50.581915 50.600156 50.619416 50.639175 50.659055 50.680107 50.700395 50.723101 50.743698 50.760452 50.779913 50.79989 50.821346 50.840092 50.862717 50.881234 50.900774 50.921862 50.940609 50.959678 50.981898,8003 8004 8005 8006 8007 8008 8009 8010 8011 8012 8013 8014 8015 8016 8017 8018 8019 8020 8021 8022 8023 8024 8025 8026 8027 8028 8029 8030 8031 8032 8033 8034 8035 8036 8037 8038 8039 8040 8041 8042 8043 8044 8045 8046 8047 8048 8049 8050 8051 8052,3843520 3844160 3844800 3845440 3846080 3846720 3847360 3848000 3848640 3849280 3849920 3850560 3851200 3851840 3852480 3853120 3853760 3854400 3855040 3855680 3856320 3856960 3857600 3858240 3858880 3859520 3860160 3860800 3861440 3862080 3862720 3863360 3864000 3864640 3865280 3865920 3866560 3867200 3867840 3868480 3869120 3869760 3870400 3871040 3871680 3872320 3872960 3873600 3874240 3874880
51.0,1634134112.798644,50,0,0,0,7726,61808,0,0.019998918367346852,0.0022300118818513962,31753.426110141896,51.000191 51.022453 51.042427 51.063129 51.080028 51.101096 51.123557 51.141549 51.161938 51.182972 51.201235 51.220839 51.241547 51.262084 51.283121 51.302447 51.321269 51.339441 51.364205 51.381179 51.401545 51.419862 51.43974 51.462275 51.48067 51.500183 51.521634 51.542161 51.561448 51.580119 51.599805 51.622069 51.641506 51.662364 51.679641 51.701057 51.722987 51.739711 51.763202 51.779529 51.802617 51.823549 51.842151 51.860518 51.882542 51.906517 51.919613 51.941378 51.962968 51.980138,8053 8054 8055 8056 8057 8058 8059 8060 8061 8062 8063 8064 8065 8066 8067 8068 8069 8070 8071 8072 8073 8074 8075 8076 8077 8078 8079 8080 8081 8082 8083 8084 8085 8086 8087 8088 8089 8090 8091 8092 8093 8094 8095 8096 8097 8098 8099 8100 8101 8102,3875520 3876160 3876800 3877440 3878080 3878720 3879360 3880000 3880640 3881280 3881920 3882560 3883200 3883840 3884480 3885120 3885760 3886400 3887040 3887680 3888320 3888960 3889600 3890240 3890880 3891520 3892160 3892800 3893440 3894080 3894720 3895360 3896000 3896640 3897280 3897920 3898560 3899200 3899840 3900480 3901120 3901760 3902400 3903040 3903680 3904320 3904960 3905600 3906240 3906880
52.0,1634134113.798644,50,0,0,0,7825,62600,0,0.019940000000000034,0.0021285740140609528,32114.52832860676,52.003175 52.025972 52.04186 52.063695 52.079526 52.102572 52.121257 52.140251 52.161562 52.180177 52.201187 52.220778 52.241167 52.262211 52.279501 52.302428 52.323624 52.341551 52.36374 52.379945 52.404821 52.420283 52.442177 52.462474 52.481026 52.504288 52.522498 52.541508 52.562221 52.579301 52.599447 52.61971 52.640852 52.659778 52.679127 52.700018 52.719253 52.740007 52.760043 52.780627 52.799665 52.819951 52.841586 52.860659 52.881031 52.901578 52.921476 52.944339 52.959798 52.980235,8103 8104 8105 8106 8107 8108 8109 8110 8111 8112 8113 8114 8115 8116 8117 8118 8119 8120 8121 8122 8123 8124 8125 8126 8127 8128 8129 8130 8131 8132 8133 8134 8135 8136 8137 8138 8139 8140 8141 8142 8143 8144 8145 8146 8147 8148 8149 8150 8151 8152,3907520 3908160 3908800 3909440 3910080 3910720 3911360 3912000 3912640 3913280 3913920 3914560 3915200 3915840 3916480 3917120 3917760 3918400 3919040 3919680 3920320 3920960 3921600 3922240 3922880 3923520 3924160 3924800 3925440 3926080 3926720 3927360 3928000 3928640 3929280 3929920 3930560 3931200 3931840 3932480 3933120 3933760 3934400 3935040 3935680 3936320 3936960 3937600 3938240 3938880
53.0,1634134114.798644,50,0,0,0,8471,67768,0,0.020005326530612218,0.0021511971995044742,32026.612597242645,53.001809 53.020792 53.043686 53.060121 53.082888 53.10206 53.120333 53.142357 53.160827 53.179138 53.203834 53.221981 53.242836 53.260429 53.282338 53.302758 53.322585 53.341944 53.360862 53.381977 53.405416 53.419482 53.441651 53.461015 53.482031 53.502379 53.519909 53.543545 53.560797 53.581067 53.603898 53.619505 53.641264 53.661789 53.680016 53.702975 53.721495 53.742736 53.762381 53.780772 53.801722 53.823296 53.842407 53.861141 53.882036 53.90144 53.919991 53.94028 53.961775 53.98207,8153 8154 8155 8156 8157 8158 8159 8160 8161 8162 8163 8164 8165 8166 8167 8168 8169 8170 8171 8172 8173 8174 8175 8176 8177 8178 8179 8180 8181 8182 8183 8184 8185 8186 8187 8188 8189 8190 8191 8192 8193 8194 8195 8196 8197 8198 8199 8200 8201 8202,3939520 3940160 3940800 3941440 3942080 3942720 3943360 3944000 3944640 3945280 3945920 3946560 3947200 3947840 3948480 3949120 3949760 3950400 3951040 3951680 3952320 3952960 3953600 3954240 3954880 3955520 3956160 3956800 3957440 3958080 3958720 3959360 3960000 3960640 3961280 3961920 3962560 3963200 3963840 3964480 3965120 3965760 3966400 3967040 3967680 3968320 3968960 3969600 3970240 3970880
54.0,1634134115.798644,51,0,0,0,8167,65336,0,0.019924999999999925,0.002092022817607786,32180.014976223465,54.003402 54.022599 54.045004 54.060471 54.082044 54.099722 54.123561 54.139691 54.164593 54.184649 54.202019 54.219673 54.243485 54.261545 54.281711 54.300532 54.320333 54.343985 54.363273 54.382165 54.399877 54.418974 54.440716 54.460901 54.481561 54.499814 54.522223 54.543275 54.562698 54.583008 54.600731 54.620508 54.641905 54.662336 54.684665 54.700758 54.720008 54.740263 54.759576 54.780068 54.799453 54.821286 54.842789 54.861575 54.882493 54.90022 54.923099 54.943686 54.963429 54.981196 54.999652,8203 8204 8205 8206 8207 8208 8209 8210 8211 8212 8213 8214 8215 8216 8217 8218 8219 8220 8221 8222 8223 8224 8225 8226 8227 8228 8229 8230 8231 8232 8233 8234 8235 8236 8237 8238 8239 8240 8241 8242 8243 8244 8245 8246 8247 8248 8249 8250 8251 8252 8253,3971520 3972160 3972800 3973440 3974080 3974720 3975360 3976000 3976640 3977280 3977920 3978560 3979200 3979840 3980480 3981120 3981760 3982400 3983040 3983680 3984320 3984960 3985600 3986240 3986880 3987520 3988160 3988800 3989440 3990080 3990720 3991360 3992000 3992640 3993280 3993920 3994560 3995200 3995840 3996480 3997120 3997760 3998400 3999040 3999680 4000320 4000960 4001600 4002240 4002880 4003520
55.0,1634134116.798644,50,0,0,0,9198,73584,0,0.01992755102040816,0.0022976440566119796,32259.940310496764,55.023317 55.041723 55.061876 55.082157 55.099856 55.121525 55.142505 55.161936 55.180923 55.200164 55.222401 55.24248 55.264502 55.279855 55.299796 55.320185 55.341271 55.36152 55.382649 55.399527 55.423578 55.443099 55.462802 55.483602 55.499412 55.521833 55.544038 55.559419 55.582683 55.599587 55.619361 55.641453 55.662136 55.68175 55.699567 55.722822 55.743002 55.759678 55.7832 55.799888 55.822881 55.841166 55.860098 55.879877 55.900387 55.919795 55.94313 55.962236 55.98462 55.999767,8254 8255 8256 8257 8258 8259 8260 8261 8262 8263 8264 8265 8266 8267 8268 8269 8270 8271 8272 8273 8274 8275 8276 8277 8278 8279 8280 8281 8282 8283 8284 8285 8286 8287 8288 8289 8290 8291 8292 8293 8294 8295 8296 8297 8298 8299 8300 8301 8302 8303,4004160 4004800 4005440 4006080 4006720 4007360 4008000 4008640 4009280 4009920 4010560 4011200 4011840 4012480 4013120 4013760 4014400 4015040 4015680 4016320 4016960 4017600 4018240 4018880 4019520 4020160 4020800 4021440 4022080 4022720 4023360 4024000 4024640 4025280 4025920 4026560 4027200 4027840 4028480 4029120 4029760 4030400 4031040 4031680 4032320 4032960 4033600 4034240 4034880 4035520
56.0,1634134117.798644,49,0,0,0,7714,61712,0,0.019950562500000046,0.0033785771391772012,32226.60258116567,56.023263 56.042983 56.061368 56.080777 56.101439 56.123314 56.141624 56.161903 56.18082 56.199129 56.219475 56.243077 56.259874 56.286555 56.299691 56.321333 56.342125 56.359745 56.382151 56.400095 56.420377 56.440557 56.46128 56.482089 56.499754 56.520238 56.544512 56.559738 56.583196 56.600835 56.62027 56.641563 56.66092 56.680548 56.706524 56.721516 56.740673 56.770245 56.780285 56.7992 56.819832 56.839829 56.859817 56.881954 56.900167 56.92635 56.942491 56.960212 56.98089,8304 8305 8306 8307 8308 8309 8310 8311 8312 8313 8314 8315 8316 8317 8318 8319 8320 8321 8322 8323 8324 8325 8326 8327 8328 8329 8330 8331 8332 8333 8334 8335 8336 8337 8338 8339 8340 8341 8342 8343 8344 8345 8346 8347 8348 8349 8350 8351 8352,4036160 4036800 4037440 4038080 4038720 4039360 4040000 4040640 4041280 4041920 4042560 4043200 4043840 4044480 4045120 4045760 4046400 4047040 4047680 4048320 4048960 4049600 4050240 4050880 4051520 4052160 4052800 4053440 4054080 4054720 4055360 4056000 4056640 4057280 4057920 4058560 4059200 4059840 4060480 4061120 4061760 4062400 4063040 4063680 4064320 4064960 4065600 4066240 4066880
57.0,1634134118.798644,50,0,0,0,7859,62872,0,0.019948367346938854,0.0015558625380300188,32306.551921831506,57.003111 57.020893 57.040948 57.061743 57.081545 57.099725 57.121372 57.141271 57.162001 57.184886 57.200956 57.219534 57.242041 57.264546 57.281795 57.300915 57.322086 57.340427 57.359567 57.380878 57.400335 57.420095 57.442968 57.460049 57.479737 57.499275 57.518942 57.540367 57.560229 57.579325 57.600173 57.61893 57.642285 57.66055 57.681838 57.702159 57.719855 57.741231 57.762064 57.781275 57.801587 57.821378 57.840541 57.860511 57.879991 57.901156 57.920656 57.941 57.960184 57.980581,8353 8354 8355 8356 8357 8358 8359 8360 8361 8362 8363 8364 8365 8366 8367 8368 8369 8370 8371 8372 8373 8374 8375 8376 8377 8378 8379 8380 8381 8382 8383 8384 8385 8386 8387 8388 8389 8390 8391 8392 8393 8394 8395 8396 8397 8398 8399 8400 8401 8402,4067520 4068160 4068800 4069440 4070080 4070720 4071360 4072000 4072640 4073280 4073920 4074560 4075200 4075840 4076480 4077120 4077760 4078400 4079040 4079680 4080320 4080960 4081600 4082240 4082880 4083520 4084160 4084800 4085440 4086080 4086720 4087360 4088000 4088640 4089280 4089920 4090560 4091200 4091840 4092480 4093120 4093760 4094400 4095040 4095680 4096320 4096960 4097600 4098240 4098880
58.0,1634134119.798644,51,0,0,0,8173,65384,0,0.019953980000000086,0.002360533046770675,31973.653947688825,58.001076 58.021741 58.042823 58.06091 58.079656 58.101041 58.121185 58.139754 58.161636 58.185344 58.199943 58.219377 58.241407 58.25922 58.279404 58.3021 58.320262 58.346802 58.359872 58.380664 58.400162 58.420749 58.445602 58.460426 58.48 58.5018 58.519736 58.541492 58.559887 58.57985 58.601389 58.62178 58.640254 58.659883 58.681794 58.70015 58.71939 58.741578 58.761795 58.781884 58.799345 58.81969 58.840505 58.860163 58.881815 58.898944 58.920288 58.9409 58.959277 58.978699 58.998775,8403 8404 8405 8406 8407 8408 8409 8410 8411 8412 8413 8414 8415 8416 8417 8418 8419 8420 8421 8422 8423 8424 8425 8426 8427 8428 8429 8430 8431 8432 8433 8434 8435 8436 8437 8438 8439 8440 8441 8442 8443 8444 8445 8446 8447 8448 8449 8450 8451 8452 8453,4099520 4100160 4100800 4101440 4102080 4102720 4103360 4104000 4104640 4105280 4105920 4106560 4107200 4107840 4108480 4109120 4109760 4110400 4111040 4111680 4112320 4112960 4113600 4114240 4114880 4115520 4116160 4116800 4117440 4118080 4118720 4119360 4120000 4120640 4121280 4121920 4122560 4123200 4123840 4124480 4125120 4125760 4126400 4127040 4127680 4128320 4128960 4129600 4130240 4130880 4131520
59.0,1634134120.798644,4,0,0,0,372,2976,0,0.019974000000000085,0.000612334059155708,31766.98764456686,59.019647 59.04019 59.059516 59.079569,8454 8455 8456 8457,4132160 4132800 4133440 4134080
60.0,1634134121.798644,0,0,0,0,0,0,0,None,None,None,,,
61.0,1634134122.798644,0,0,0,0,0,0,0,None,None,None,,,
62.0,1634134123.798644,0,0,0,0,0,0,0,None,None,None,,,
63.0,1634134124.798644,0,0,0,0,0,0,0,None,None,None,,,
64.0,1634134125.798644,0,0,0,0,0,0,0,None,None,None,,,
65.0,1634134126.798644,0,0,0,0,0,0,0,None,None,None,,,
66.0,1634134127.798644,0,0,0,0,0,0,0,None,None,None,,,
67.0,1634134128.798644,0,0,0,0,0,0,0,None,None,None,,,
68.0,1634134129.798644,0,0,0,0,0,0,0,None,None,None,,,
69.0,1634134130.798644,0,0,0,0,0,0,0,None,None,None,,,
70.0,1634134131.798644,0,0,0,0,0,0,0,None,None,None,,,
71.0,1634134132.798644,0,0,0,0,0,0,0,None,None,None,,,
72.0,1634134133.798644,0,0,0,0,0,0,0,None,None,None,,,
73.0,1634134134.798644,0,0,0,0,0,0,0,None,None,None,,,
74.0,1634134135.798644,0,0,0,0,0,0,0,None,None,None,,,
75.0,1634134136.798644,0,0,0,0,0,0,0,None,None,None,,,
76.0,1634134137.798644,0,0,0,0,0,0,0,None,None,None,,,
77.0,1634134138.798644,0,0,0,0,0,0,0,None,None,None,,,
78.0,1634134139.798644,0,0,0,0,0,0,0,None,None,None,,,
79.0,1634134140.798644,0,0,0,0,0,0,0,None,None,None,,,
80.0,1634134141.798644,0,0,0,0,0,0,0,None,None,None,,,
81.0,1634134142.798644,0,0,0,0,0,0,0,None,None,None,,,
82.0,1634134143.798644,0,0,0,0,0,0,0,None,None,None,,,
83.0,1634134144.798644,0,0,0,0,0,0,0,None,None,None,,,
84.0,1634134145.798644,0,0,0,0,0,0,0,None,None,None,,,
85.0,1634134146.798644,0,0,0,0,0,0,0,None,None,None,,,
86.0,1634134147.798644,0,0,0,0,0,0,0,None,None,None,,,
87.0,1634134148.798644,0,0,0,0,0,0,0,None,None,None,,,
88.0,1634134149.798644,0,0,0,0,0,0,0,None,None,None,,,
89.0,1634134150.798644,0,0,0,0,0,0,0,None,None,None,,,
90.0,1634134151.798644,0,0,0,0,0,0,0,None,None,None,,,
91.0,1634134152.798644,0,0,0,0,0,0,0,None,None,None,,,
92.0,1634134153.798644,14,6,0,0,2420,19360,0,0.019980846153845714,0.000279337265128758,31974.89917523979,92.73867 92.758831 92.7789 92.798562 92.818728 92.838525 92.858499 92.879117 92.898638 92.918819 92.938552 92.958509 92.978412 92.998421,8464 8465 8466 8467 8468 8469 8470 8471 8472 8473 8474 8475 8476 8477,5211200 5211840 5212480 5213120 5213760 5214400 5215040 5215680 5216320 5216960 5217600 5218240 5218880 5219520
93.0,1634134154.798644,49,0,0,0,7925,63400,0,0.020073791666666747,0.001455482093976993,31907.17098729022,93.018901 93.038523 93.058516 93.078703 93.09959 93.119399 93.139154 93.16216 93.179926 93.200011 93.221477 93.239138 93.261229 93.279834 93.298744 93.320845 93.34139 93.359172 93.380175 93.399739 93.424057 93.440412 93.460243 93.479926 93.500736 93.520245 93.539598 93.55923 93.57933 93.599475 93.620966 93.639382 93.660657 93.680438 93.699448 93.721148 93.740294 93.759857 93.78122 93.801684 93.82136 93.841059 93.861629 93.879451 93.898836 93.920573 93.940649 93.960626 93.982443,8478 8479 8480 8481 8482 8483 8484 8485 8486 8487 8488 8489 8490 8491 8492 8493 8494 8495 8496 8497 8498 8499 8500 8501 8502 8503 8504 8505 8506 8507 8508 8509 8510 8511 8512 8513 8514 8515 8516 8517 8518 8519 8520 8521 8522 8523 8524 8525 8526,5220160 5220800 5221440 5222080 5222720 5223360 5224000 5224640 5225280 5225920 5226560 5227200 5227840 5228480 5229120 5229760 5230400 5231040 5231680 5232320 5232960 5233600 5234240 5234880 5235520 5236160 5236800 5237440 5238080 5238720 5239360 5240000 5240640 5241280 5241920 5242560 5243200 5243840 5244480 5245120 5245760 5246400 5247040 5247680 5248320 5248960 5249600 5250240 5250880
94.0,1634134155.798644,50,0,0,0,6030,48240,0,0.020010163265306066,0.0018657292402143228,31985.243965764086,94.001315 94.023124 94.040406 94.059284 94.083471 94.099975 94.121854 94.140801 94.160804 94.179918 94.205453 94.222841 94.239902 94.261051 94.280858 94.300009 94.322906 94.34396 94.360478 94.380096 94.399647 94.419477 94.439738 94.460416 94.480616 94.501566 94.523312 94.540094 94.560158 94.58171 94.601846 94.624166 94.640215 94.660624 94.679632 94.699452 94.719642 94.740283 94.759919 94.780004 94.800198 94.821486 94.841326 94.862308 94.880609 94.899762 94.921549 94.941368 94.961846 94.981813,8527 8528 8529 8530 8531 8532 8533 8534 8535 8536 8537 8538 8539 8540 8541 8542 8543 8544 8545 8546 8547 8548 8549 8550 8551 8552 8553 8554 8555 8556 8557 8558 8559 8560 8561 8562 8563 8564 8565 8566 8567 8568 8569 8570 8571 8572 8573 8574 8575 8576,5251520 5252160 5252800 5253440 5254080 5254720 5255360 5256000 5256640 5257280 5257920 5258560 5259200 5259840 5260480 5261120 5261760 5262400 5263040 5263680 5264320 5264960 5265600 5266240 5266880 5267520 5268160 5268800 5269440 5270080 5270720 5271360 5272000 5272640 5273280 5273920 5274560 5275200 5275840 5276480 5277120 5277760 5278400 5279040 5279680 5280320 5280960 5281600 5282240 5282880
95.0,1634134156.798644,51,0,0,0,6233,49864,0,0.01996489999999994,0.0024316238821161973,31950.341602941757,95.001095 95.021725 95.041255 95.059489 95.081555 95.100744 95.122313 95.146441 95.160518 95.18033 95.202241 95.220524 95.240705 95.261889 95.280738 95.301137 95.322248 95.34029 95.363974 95.379916 95.401539 95.420529 95.439987 95.465174 95.482201 95.501471 95.529158 95.541897 95.561398 95.581017 95.599859 95.620898 95.63992 95.662646 95.681349 95.700861 95.721402 95.739358 95.759297 95.780051 95.800428 95.821033 95.841016 95.863118 95.882033 95.903005 95.921727 95.940748 95.959982 95.98045 95.99934,8577 8578 8579 8580 8581 8582 8583 8584 8585 8586 8587 8588 8589 8590 8591 8592 8593 8594 8595 8596 8597 8598 8599 8600 8601 8602 8603 8604 8605 8606 8607 8608 8609 8610 8611 8612 8613 8614 8615 8616 8617 8618 8619 8620 8621 8622 8623 8624 8625 8626 8627,5283520 5284160 5284800 5285440 5286080 5286720 5287360 5288000 5288640 5289280 5289920 5290560 5291200 5291840 5292480 5293120 5293760 5294400 5295040 5295680 5296320 5296960 5297600 5298240 5298880 5299520 5300160 5300800 5301440 5302080 5302720 5303360 5304000 5304640 5305280 5305920 5306560 5307200 5307840 5308480 5309120 5309760 5310400 5311040 5311680 5312320 5312960 5313600 5314240 5314880 5315520
96.0,1634134157.798644,50,0,0,0,6010,48080,0,0.01997171428571415,0.0025837429648340304,31954.870568148723,96.021291 96.041087 96.061882 96.081692 96.101576 96.119974 96.141533 96.162955 96.186389 96.2001 96.220663 96.241786 96.264149 96.28305 96.299673 96.319783 96.340918 96.362896 96.384605 96.400524 96.420335 96.440779 96.460832 96.484373 96.499884 96.522002 96.540778 96.564236 96.580822 96.602178 96.61999 96.640725 96.662426 96.681942 96.69981 96.720703 96.741992 96.761972 96.781555 96.801067 96.821561 96.842436 96.860651 96.880341 96.899828 96.920817 96.946117 96.961948 96.987388 96.999905,8628 8629 8630 8631 8632 8633 8634 8635 8636 8637 8638 8639 8640 8641 8642 8643 8644 8645 8646 8647 8648 8649 8650 8651 8652 8653 8654 8655 8656 8657 8658 8659 8660 8661 8662 8663 8664 8665 8666 8667 8668 8669 8670 8671 8672 8673 8674 8675 8676 8677,5316160 5316800 5317440 5318080 5318720 5319360 5320000 5320640 5321280 5321920 5322560 5323200 5323840 5324480 5325120 5325760 5326400 5327040 5327680 5328320 5328960 5329600 5330240 5330880 5331520 5332160 5332800 5333440 5334080 5334720 5335360 5336000 5336640 5337280 5337920 5338560 5339200 5339840 5340480 5341120 5341760 5342400 5343040 5343680 5344320 5344960 5345600 5346240 5346880 5347520
97.0,1634134158.798644,50,0,0,0,6041,48328,0,0.01997885714285695,0.003556075792451503,31829.12483124265,97.02079 97.043608 97.06173 97.08211 97.100104 97.120071 97.142207 97.160233 97.185717 97.202368 97.220546 97.239915 97.260258 97.286018 97.299938 97.32074 97.343845 97.361511 97.384798 97.401101 97.420867 97.440958 97.461561 97.482679 97.503477 97.520082 97.540292 97.559882 97.581471 97.602201 97.62023 97.640389 97.660638 97.68509 97.702204 97.719779 97.739626 97.760442 97.779967 97.800787 97.819447 97.847961 97.8598 97.889217 97.899758 97.924827 97.940001 97.961257 97.980592 97.999754,8678 8679 8680 8681 8682 8683 8684 8685 8686 8687 8688 8689 8690 8691 8692 8693 8694 8695 8696 8697 8698 8699 8700 8701 8702 8703 8704 8705 8706 8707 8708 8709 8710 8711 8712 8713 8714 8715 8716 8717 8718 8719 8720 8721 8722 8723 8724 8725 8726 8727,5348160 5348800 5349440 5350080 5350720 5351360 5352000 5352640 5353280 5353920 5354560 5355200 5355840 5356480 5357120 5357760 5358400 5359040 5359680 5360320 5360960 5361600 5362240 5362880 5363520 5364160 5364800 5365440 5366080 5366720 5367360 5368000 5368640 5369280 5369920 5370560 5371200 5371840 5372480 5373120 5373760 5374400 5375040 5375680 5376320 5376960 5377600 5378240 5378880 5379520
98.0,1634134159.798644,49,0,0,0,5992,47936,0,0.02010947916666665,0.0026153071744201843,31728.209172947998,98.019357 98.040075 98.059167 98.088172 98.101441 98.120499 98.142285 98.161349 98.182829 98.200044 98.221037 98.239707 98.258947 98.280918 98.300499 98.321501 98.342165 98.361661 98.382688 98.402751 98.421121 98.440614 98.460858 98.481543 98.500629 98.522898 98.540764 98.559821 98.582298 98.601698 98.62003 98.643222 98.661479 98.687428 98.699575 98.720128 98.739967 98.761106 98.783534 98.799598 98.820731 98.839357 98.859916 98.880771 98.902007 98.921399 98.941361 98.962533 98.984612,8728 8729 8730 8731 8732 8733 8734 8735 8736 8737 8738 8739 8740 8741 8742 8743 8744 8745 8746 8747 8748 8749 8750 8751 8752 8753 8754 8755 8756 8757 8758 8759 8760 8761 8762 8763 8764 8765 8766 8767 8768 8769 8770 8771 8772 8773 8774 8775 8776,5380160 5380800 5381440 5382080 5382720 5383360 5384000 5384640 5385280 5385920 5386560 5387200 5387840 5388480 5389120 5389760 5390400 5391040 5391680 5392320 5392960 5393600 5394240 5394880 5395520 5396160 5396800 5397440 5398080 5398720 5399360 5400000 5400640 5401280 5401920 5402560 5403200 5403840 5404480 5405120 5405760 5406400 5407040 5407680 5408320 5408960 5409600 5410240 5410880
99.0,1634134160.798644,50,0,0,0,6384,51072,0,0.02003591836734711,0.001767273392318923,31894.657462032694,99.000025 99.021637 99.039751 99.060573 99.080204 99.099274 99.122403 99.140567 99.161558 99.179964 99.200575 99.220347 99.239873 99.261878 99.279686 99.30038 99.321496 99.339907 99.362128 99.379915 99.401306 99.420325 99.442227 99.465097 99.479811 99.499218 99.521955 99.539697 99.561899 99.579054 99.599176 99.620087 99.640375 99.660527 99.680841 99.701923 99.720127 99.741012 99.761145 99.779054 99.800443 99.821617 99.839643 99.859745 99.879092 99.89936 99.922663 99.941521 99.962825 99.981785,8777 8778 8779 8780 8781 8782 8783 8784 8785 8786 8787 8788 8789 8790 8791 8792 8793 8794 8795 8796 8797 8798 8799 8800 8801 8802 8803 8804 8805 8806 8807 8808 8809 8810 8811 8812 8813 8814 8815 8816 8817 8818 8819 8820 8821 8822 8823 8824 8825 8826,5411520 5412160 5412800 5413440 5414080 5414720 5415360 5416000 5416640 5417280 5417920 5418560 5419200 5419840 5420480 5421120 5421760 5422400 5423040 5423680 5424320 5424960 5425600 5426240 5426880 5427520 5428160 5428800 5429440 5430080 5430720 5431360 5432000 5432640 5433280 5433920 5434560 5435200 5435840 5436480 5437120 5437760 5438400 5439040 5439680 5440320 5440960 5441600 5442240 5442880
100.0,1634134161.798644,50,0,0,0,10790,86320,0,0.019959673469387564,0.0025870549084808436,32490.25463459781,100.004247 100.020736 100.040151 100.062281 100.080283 100.100868 100.119768 100.142686 100.162396 100.181075 100.201992 100.221985 100.242352 100.260594 100.279603 100.303152 100.319643 100.344499 100.360205 100.380571 100.403441 100.419922 100.441506 100.46239 100.480761 100.504426 100.521626 100.541195 100.560191 100.581251 100.601986 100.620427 100.641485 100.660626 100.680434 100.70051 100.721447 100.743625 100.760209 100.783741 100.802708 100.820606 100.840069 100.859949 100.881105 100.902157 100.919614 100.947851 100.960985 100.982271,8827 8828 8829 8830 8831 8832 8833 8834 8835 8836 8837 8838 8839 8840 8841 8842 8843 8844 8845 8846 8847 8848 8849 8850 8851 8852 8853 8854 8855 8856 8857 8858 8859 8860 8861 8862 8863 8864 8865 8866 8867 8868 8869 8870 8871 8872 8873 8874 8875 8876,5443520 5444160 5444800 5445440 5446080 5446720 5447360 5448000 5448640 5449280 5449920 5450560 5451200 5451840 5452480 5453120 5453760 5454400 5455040 5455680 5456320 5456960 5457600 5458240 5458880 5459520 5460160 5460800 5461440 5462080 5462720 5463360 5464000 5464640 5465280 5465920 5466560 5467200 5467840 5468480 5469120 5469760 5470400 5471040 5471680 5472320 5472960 5473600 5474240 5474880
101.0,1634134162.798644,50,0,0,0,10666,85328,0,0.019996142857142817,0.0018068402092232315,32105.117773815466,101.001316 101.019246 101.040592 101.060047 101.07968 101.102841 101.120575 101.140666 101.159674 101.182126 101.199427 101.223125 101.24191 101.26067 101.281377 101.30251 101.323052 101.34131 101.359347 101.381844 101.402175 101.423498 101.442657 101.460758 101.481326 101.502687 101.520962 101.541045 101.560278 101.583413 101.600325 101.620551 101.642631 101.660976 101.683586 101.701773 101.72031 101.740202 101.76036 101.780991 101.8008 101.823834 101.84022 101.860272 101.882256 101.902551 101.921746 101.942741 101.959869 101.981127,8877 8878 8879 8880 8881 8882 8883 8884 8885 8886 8887 8888 8889 8890 8891 8892 8893 8894 8895 8896 8897 8898 8899 8900 8901 8902 8903 8904 8905 8906 8907 8908 8909 8910 8911 8912 8913 8914 8915 8916 8917 8918 8919 8920 8921 8922 8923 8924 8925 8926,5475520 5476160 5476800 5477440 5478080 5478720 5479360 5480000 5480640 5481280 5481920 5482560 5483200 5483840 5484480 5485120 5485760 5486400 5487040 5487680 5488320 5488960 5489600 5490240 5490880 5491520 5492160 5492800 5493440 5494080 5494720 5495360 5496000 5496640 5497280 5497920 5498560 5499200 5499840 5500480 5501120 5501760 5502400 5503040 5503680 5504320 5504960 5505600 5506240 5506880
102.0,1634134163.798644,51,0,0,0,10828,86624,0,0.019948720000000152,0.0022918602553829858,32141.615968381557,102.002552 102.021333 102.046112 102.060493 102.081611 102.100813 102.119721 102.140162 102.159473 102.179834 102.202715 102.219834 102.242429 102.26195 102.279694 102.300968 102.320645 102.343901 102.359899 102.379298 102.401253 102.420487 102.44193 102.460414 102.48135 102.500456 102.522088 102.543917 102.563659 102.581778 102.600816 102.620821 102.642216 102.659806 102.679583 102.702723 102.719888 102.742214 102.762197 102.779735 102.801301 102.822316 102.842331 102.860455 102.885243 102.899797 102.921506 102.944736 102.962469 102.98195 102.999988,8927 8928 8929 8930 8931 8932 8933 8934 8935 8936 8937 8938 8939 8940 8941 8942 8943 8944 8945 8946 8947 8948 8949 8950 8951 8952 8953 8954 8955 8956 8957 8958 8959 8960 8961 8962 8963 8964 8965 8966 8967 8968 8969 8970 8971 8972 8973 8974 8975 8976 8977,5507520 5508160 5508800 5509440 5510080 5510720 5511360 5512000 5512640 5513280 5513920 5514560 5515200 5515840 5516480 5517120 5517760 5518400 5519040 5519680 5520320 5520960 5521600 5522240 5522880 5523520 5524160 5524800 5525440 5526080 5526720 5527360 5528000 5528640 5529280 5529920 5530560 5531200 5531840 5532480 5533120 5533760 5534400 5535040 5535680 5536320 5536960 5537600 5538240 5538880 5539520
103.0,1634134164.798644,49,0,0,0,10231,81848,0,0.02005358333333322,0.0029981734782482043,31801.149754085323,103.020573 103.042576 103.061653 103.084529 103.100105 103.120449 103.142653 103.161445 103.184053 103.201431 103.219836 103.239956 103.259366 103.282459 103.30183 103.320542 103.341554 103.36235 103.382825 103.40299 103.419829 103.440216 103.461142 103.482749 103.500303 103.523653 103.539907 103.561254 103.587007 103.602007 103.621233 103.640703 103.660222 103.688262 103.702313 103.719816 103.73963 103.762347 103.781612 103.799625 103.820166 103.840117 103.861067 103.885253 103.90008 103.927287 103.941805 103.963175 103.983145,8978 8979 8980 8981 8982 8983 8984 8985 8986 8987 8988 8989 8990 8991 8992 8993 8994 8995 8996 8997 8998 8999 9000 9001 9002 9003 9004 9005 9006 9007 9008 9009 9010 9011 9012 9013 9014 9015 9016 9017 9018 9019 9020 9021 9022 9023 9024 9025 9026,5540160 5540800 5541440 5542080 5542720 5543360 5544000 5544640 5545280 5545920 5546560 5547200 5547840 5548480 5549120 5549760 5550400 5551040 5551680 5552320 5552960 5553600 5554240 5554880 5555520 5556160 5556800 5557440 5558080 5558720 5559360 5560000 5560640 5561280 5561920 5562560 5563200 5563840 5564480 5565120 5565760 5566400 5567040 5567680 5568320 5568960 5569600 5570240 5570880
104.0,1634134165.798644,51,0,0,0,12673,101384,0,0.01997762000000023,0.002211651381263255,31951.70071848517,104.000807 104.020943 104.041076 104.06123 104.083732 104.100337 104.120219 104.139677 104.161547 104.180895 104.201427 104.221198 104.239801 104.259535 104.281879 104.30065 104.319547 104.340461 104.360223 104.382759 104.40186 104.420802 104.440987 104.468704 104.482644 104.500484 104.520696 104.539769 104.560507 104.581449 104.601032 104.619622 104.639261 104.659357 104.681096 104.700399 104.720435 104.739671 104.765314 104.782086 104.802771 104.820597 104.84107 104.862075 104.884787 104.903205 104.920039 104.942989 104.963676 104.980589 104.999688,9027 9028 9029 9030 9031 9032 9033 9034 9035 9036 9037 9038 9039 9040 9041 9042 9043 9044 9045 9046 9047 9048 9049 9050 9051 9052 9053 9054 9055 9056 9057 9058 9059 9060 9061 9062 9063 9064 9065 9066 9067 9068 9069 9070 9071 9072 9073 9074 9075 9076 9077,5571520 5572160 5572800 5573440 5574080 5574720 5575360 5576000 5576640 5577280 5577920 5578560 5579200 5579840 5580480 5581120 5581760 5582400 5583040 5583680 5584320 5584960 5585600 5586240 5586880 5587520 5588160 5588800 5589440 5590080 5590720 5591360 5592000 5592640 5593280 5593920 5594560 5595200 5595840 5596480 5597120 5597760 5598400 5599040 5599680 5600320 5600960 5601600 5602240 5602880 5603520
105.0,1634134166.798644,49,0,0,0,13382,107056,0,0.0200450416666668,0.0023462411401196856,31857.353145118486,105.019667 105.039801 105.06065 105.079716 105.100096 105.11954 105.140563 105.164814 105.179418 105.199363 105.220579 105.239744 105.262004 105.279947 105.302891 105.322874 105.342537 105.364152 105.381409 105.402024 105.41964 105.440151 105.462163 105.482353 105.502535 105.51993 105.541009 105.560198 105.579275 105.59926 105.619502 105.643944 105.660817 105.679501 105.701915 105.720003 105.747428 105.762262 105.779848 105.801792 105.820758 105.84237 105.859934 105.880655 105.903012 105.921873 105.942542 105.960147 105.981829,9078 9079 9080 9081 9082 9083 9084 9085 9086 9087 9088 9089 9090 9091 9092 9093 9094 9095 9096 9097 9098 9099 9100 9101 9102 9103 9104 9105 9106 9107 9108 9109 9110 9111 9112 9113 9114 9115 9116 9117 9118 9119 9120 9121 9122 9123 9124 9125 9126,5604160 5604800 5605440 5606080 5606720 5607360 5608000 5608640 5609280 5609920 5610560 5611200 5611840 5612480 5613120 5613760 5614400 5615040 5615680 5616320 5616960 5617600 5618240 5618880 5619520 5620160 5620800 5621440 5622080 5622720 5623360 5624000 5624640 5625280 5625920 5626560 5627200 5627840 5628480 5629120 5629760 5630400 5631040 5631680 5632320 5632960 5633600 5634240 5634880
106.0,1634134167.798644,50,0,0,0,13659,109272,0,0.020043224489795914,0.0024419589495008353,32218.11836140787,106.002738 106.020942 106.043789 106.060332 106.082437 106.101852 106.120204 106.141227 106.161208 106.180501 106.200934 106.224635 106.2402 106.260823 106.280138 106.299606 106.319553 106.341001 106.360095 106.381229 106.4009 106.419809 106.445279 106.460109 106.480486 106.500509 106.521317 106.541444 106.558984 106.579692 106.599858 106.619982 106.640389 106.659334 106.679509 106.699832 106.720951 106.73933 106.760174 106.781876 106.801875 106.823078 106.839806 106.859521 106.882252 106.899814 106.927033 106.940823 106.959976 106.984856,9127 9128 9129 9130 9131 9132 9133 9134 9135 9136 9137 9138 9139 9140 9141 9142 9143 9144 9145 9146 9147 9148 9149 9150 9151 9152 9153 9154 9155 9156 9157 9158 9159 9160 9161 9162 9163 9164 9165 9166 9167 9168 9169 9170 9171 9172 9173 9174 9175 9176,5635520 5636160 5636800 5637440 5638080 5638720 5639360 5640000 5640640 5641280 5641920 5642560 5643200 5643840 5644480 5645120 5645760 5646400 5647040 5647680 5648320 5648960 5649600 5650240 5650880 5651520 5652160 5652800 5653440 5654080 5654720 5655360 5656000 5656640 5657280 5657920 5658560 5659200 5659840 5660480 5661120 5661760 5662400 5663040 5663680 5664320 5664960 5665600 5666240 5666880
107.0,1634134168.798644,50,0,0,0,13669,109352,0,0.020011408163265295,0.002939143249020242,31770.608003121353,107.000367 107.023167 107.041596 107.061667 107.082743 107.101871 107.125403 107.141968 107.159772 107.18108 107.200329 107.223905 107.241244 107.259884 107.280871 107.301102 107.322554 107.34185 107.360012 107.380898 107.399351 107.423177 107.441274 107.459978 107.480009 107.5 107.524923 107.54057 107.560477 107.581787 107.601521 107.622886 107.639837 107.659612 107.686745 107.700005 107.728753 107.742165 107.761123 107.781513 107.798891 107.819886 107.841405 107.859801 107.880891 107.900116 107.922893 107.939918 107.963062 107.980926,9177 9178 9179 9180 9181 9182 9183 9184 9185 9186 9187 9188 9189 9190 9191 9192 9193 9194 9195 9196 9197 9198 9199 9200 9201 9202 9203 9204 9205 9206 9207 9208 9209 9210 9211 9212 9213 9214 9215 9216 9217 9218 9219 9220 9221 9222 9223 9224 9225 9226,5667520 5668160 5668800 5669440 5670080 5670720 5671360 5672000 5672640 5673280 5673920 5674560 5675200 5675840 5676480 5677120 5677760 5678400 5679040 5679680 5680320 5680960 5681600 5682240 5682880 5683520 5684160 5684800 5685440 5686080 5686720 5687360 5688000 5688640 5689280 5689920 5690560 5691200 5691840 5692480 5693120 5693760 5694400 5695040 5695680 5696320 5696960 5697600 5698240 5698880
108.0,1634134169.798644,30,0,0,0,7900,63200,0,0.019990206896551888,0.00374281393739265,31588.509144009306,108.000213 108.022184 108.042236 108.06017 108.082264 108.102749 108.131323 108.139867 108.159476 108.180312 108.200496 108.225732 108.239985 108.26224 108.287976 108.301813 108.322558 108.340669 108.360992 108.380768 108.401201 108.423156 108.440253 108.462112 108.481795 108.501314 108.522673 108.541382 108.56314 108.579929,9227 9228 9229 9230 9231 9232 9233 9234 9235 9236 9237 9238 9239 9240 9241 9242 9243 9244 9245 9246 9247 9248 9249 9250 9251 9252 9253 9254 9255 9256,5699520 5700160 5700800 5701440 5702080 5702720 5703360 5704000 5704640 5705280 5705920 5706560 5707200 5707840 5708480 5709120 5709760 5710400 5711040 5711680 5712320 5712960 5713600 5714240 5714880 5715520 5716160 5716800 5717440 5718080
